Marca temporal;País;Provincia donde trabajas;Edad...4;Género...5;¿Estás haciendo home office?...6;¿En qué provincia trabajás?;Edad...8;Género...9;¿Estás haciendo home office?...10;Sentís que trabajando desde tu casa, tu productividad...;¿Tenés hijos?;¿Ya hacías home office antes de la pandemia?;Preferís...;La comunicación con tu equipo de trabajo;¿En qué tipo de empresa trabajás?;¿Querés contestar más preguntas?;¿Cuál es el rubro de la empresa?...18;Antes de la cuarentena ¿Qué porcentaje de la empresa estaba haciendo teletrabajo?;¿Qué herramientas de comunicación utilizas con tu equipo?;¿Hacés pausas para distenderte o trabajás de corrido?;Respecto a la vestimenta;¿Hacés el mismo horario que yendo a la oficina?;Respecto de la planificación;¿Preferís un ambiente tranquilo o con algo de ruido?;¿Usás auriculares para trabajar?;¿Te gustaría trabajar todos los días desde tu casa?;¿Creés que va a cambiar la forma de trabajar después de esta crisis?;Justifica la respuesta;¿Tu trabajo se puede hacer desde tu casa?;¿Hay sectores de la empresa que están haciendo teletrabajo?;¿La empresa brinda servicios considerados esenciales?;¿La empresa dio algún beneficio para que los empleados vayan a trabajar presencialmente?;En el caso que estés en cuarentena sin posibilidad de trabajar desde tu casa, ¿tu empleador te sigue pagando el sueldo?;Tipo de empresa;¿Cuál es el rubro de la empresa?...36;La empresa cumple con las pautas y condiciones de prevención;¿Querés recibir los resultados de esta encuesta por mail?;¿Querés recibir más información de los servicios y eventos de Data 4HR?
2020-03-20T11:51:24Z;Argentina;NA;NA;NA;NA;Corrientes;36;Hombre;No;NA;NA;NA;NA;NA;NA;NA;NA;NA;NA;NA;NA;NA;NA;NA;NA;NA;NA;NA;Sí;Sí;No;No sé;Si, con reducción de salario;Emprendimiento propio;Capacitación / gastronomía;Si;No;Sí
2020-03-20T11:57:56Z;Argentina;NA;NA;NA;NA;Córdoba;37;Mujer;Sí;Empeoró;Sí;No;Trabajar con gente en la oficina;Es mucho peor;Nacional;Si;Contruccion;Menos del 10%;WhatsApp;Sí;Te ponés lo primero que encontrás;No, trabajo menos horas;Voy viendo según el día;Pongo música/radio;Nunca;No;No;Hay que cumplir horario y presencia...;NA;NA;NA;NA;NA;NA;NA;NA;Sí;Sí
2020-03-20T12:09:45Z;Argentina;NA;NA;NA;NA;Ciudad Autónoma de Buenos Aires;31;Hombre;Sí;Sigue igual;Sí;No;Trabajar en un cowork;Tuvimos que hacer ajustes pero va bien;Empresa Estatal;Si;Energía nuclear;Menos del 10%;Zoom, Skype/Microsoft Teams, Mail, WhatsApp;Sí;Te ponés lo primero que encontrás;No, trabajo menos horas;Planifico todas las tareas del día;Prefiero un ambiente en silencio;Nunca;Tal vez;Sí;Entiendo que muchas empresas que tenían dudas del home office, y han tenido buenos resultados, lo implementarán. Aquellas que tenian dudas y no les funcionó, deberán redefinir la estrategia o no darle lugar a esta metodología.;NA;NA;NA;NA;NA;NA;NA;NA;Sí;Sí
2020-03-20T12:12:46Z;Argentina;NA;NA;NA;NA;Buenos Aires;54;Mujer;Sí;Sigue igual;Sí;Sí;Trabajar con gente en la oficina;Se mantiene igual de bien;Nacional;Si;metalmecanica;Entre un 10% y un 30%;Skype/Microsoft Teams, Mail, WhatsApp;Sí;Te vestís como para ir a trabajar normalmente;Si;Voy viendo según el día;Pongo música/radio;Nunca;Tal vez;Sí;muchos aceptaran el homeofice o teletrabajo como alternativa de modalidad de trabajo;NA;NA;NA;NA;NA;NA;NA;NA;Sí;Sí
2020-03-20T12:18:15Z;Argentina;NA;NA;NA;NA;Buenos Aires;31;Prefiero no decirlo;Sí;Mejoró;No;No;Trabajar desde tu casa;Se mantiene igual de bien;Empresa Estatal;Si;Recursos Humanos;Menos del 10%;Mail, WhatsApp, dropbox;Sí;Te ponés lo primero que encontrás;Si;Planifico todas las tareas del día;Pongo música/radio;Nunca;Tal vez;Sí;Estamos en un tiempo donde somos mas productivos a medida que menos desgastes tenemos a nivel físico y mental, por lo que conlleva tanto el malestar del pésimo traslado diario (ida y vuelta) al trabajo y las contingencias de las diversas realidades en la sociedad;NA;NA;NA;NA;NA;NA;NA;NA;No;No
2020-03-20T12:33:41Z;Argentina;NA;NA;NA;NA;Ciudad Autónoma de Buenos Aires;30;Hombre;Sí;Sigue igual;No;Sí;Trabajar desde tu casa;Se mantiene igual de bien;Multinacional;Si;IT consulting services;Más del 80%;Zoom, Slack, Mail;Sí;Te ponés lo primero que encontrás;No, trabajo más horas;Voy viendo según el día;Pongo música/radio;Sí, todo el tiempo;Tal vez;Sí;La flexibilidad va a ser la prioridad número 1.;NA;NA;NA;NA;NA;NA;NA;NA;Sí;Sí
2020-03-20T12:36:36Z;Argentina;NA;NA;NA;NA;Ciudad Autónoma de Buenos Aires;27;Mujer;Sí;Mejoró;No;Sí;Trabajar desde tu casa;Se mantiene igual de bien;Multinacional;Si;Banco;Entre 31% y el 50%;Mail, WhatsApp, Red social interna (Yammer/Workplace);Sí;Te ponés lo primero que encontrás;No, trabajo menos horas;Planifico todas las tareas del día;Pongo música/radio;A veces;Tal vez;Tal vez;Si la productividad aumentó creo o espero tengan en consideración el home off más amenudo;NA;NA;NA;NA;NA;NA;NA;NA;Sí;No
2020-03-20T12:45:01Z;Argentina;NA;NA;NA;NA;Ciudad Autónoma de Buenos Aires;42;Mujer;Sí;Sigue igual;No;No;Trabajar con gente en la oficina;Es mucho peor;Empresa Estatal;No;NA;NA;NA;NA;NA;NA;NA;NA;NA;NA;NA;NA;NA;NA;NA;NA;NA;NA;NA;NA;Sí;Sí
2020-03-20T12:47:17Z;Argentina;NA;NA;NA;NA;Ciudad Autónoma de Buenos Aires;38;Mujer;Sí;Sigue igual;Sí;No;Trabajar con gente en la oficina;Tuvimos que hacer ajustes pero va bien;Nacional;Si;Ong;Menos del 10%;WhatsApp;Sólo para comer;Sólo te preocupas de lo que te ponés de la cintura para arriba;No, trabajo más horas;Voy viendo según el día;Pongo música/radio;A veces;Tal vez;Sí;Si la productividad y el alcance de objetivos mejora con esta modalidad, las empresas se replantearán las formas de trabajo.;NA;NA;NA;NA;NA;NA;NA;NA;Sí;No
2020-03-20T12:51:04Z;Argentina;NA;NA;NA;NA;Ciudad Autónoma de Buenos Aires;34;Mujer;Sí;Empeoró;No;No;Trabajar con gente en la oficina;Tuvimos que hacer ajustes pero va bien;Nacional;Si;Laboratorios de medicina consumo humano;Menos del 10%;Mail, WhatsApp;Sí;Te vestís como para ir a trabajar normalmente;No, trabajo menos horas;Me pongo uno o dos objetivos nada más;Prefiero un ambiente en silencio;Nunca;No;Sí;Mi empresa se dió cuenta que no tenía un programa de respuesta ante este u otro tipo de contingencia, y también estaban muy negados a dar el teletrabajo, aunque sea por algunos días al mes. Estimo que con esta situación, van a reconsiderar todo;NA;NA;NA;NA;NA;NA;NA;NA;Sí;Sí
2020-03-20T12:55:24Z;Argentina;NA;NA;NA;NA;Jujuy;38;Mujer;Sí;Sigue igual;Sí;Sí;Trabajar con gente en la oficina;Se mantiene igual de bien;Nacional;Si;Salud;Menos del 10%;Mail, WhatsApp, Red social interna (Yammer/Workplace);Sí;Te ponés lo primero que encontrás;No, trabajo menos horas;Voy viendo según el día;Prefiero un ambiente en silencio;A veces;No;Sí;Se darán cuenta que no siempre es necesario estar en un lugar fijo para lograr los objetivos o tener productividad, además te ahorras tiempo y costos innecesarios;NA;NA;NA;NA;NA;NA;NA;NA;Sí;No
2020-03-20T13:00:34Z;Argentina;NA;NA;NA;NA;Ciudad Autónoma de Buenos Aires;42;Mujer;Sí;Sigue igual;Sí;Sí;Trabajar desde tu casa;Se mantiene igual de bien;Multinacional;Si;CONSUMO MASIVO;Entre un 10% y un 30%;Skype/Microsoft Teams, Mail, WhatsApp;Sí;Te ponés lo primero que encontrás;No, trabajo más horas;Planifico todas las tareas del día;Pongo música/radio;A veces;Tal vez;Tal vez;Porque muchas empresas que no habian experimentado el home office ahora se dan cuenta que es un posibilidad real;NA;NA;NA;NA;NA;NA;NA;NA;Sí;No
2020-03-20T13:01:24Z;Argentina;NA;NA;NA;NA;Tucumán;28;Mujer;Sí;Sigue igual;No;No;Trabajar en un cowork;Se mantiene igual de bien;Multinacional;Si;Hoteleria;Menos del 10%;Skype/Microsoft Teams, WhatsApp;Sí;Te ponés lo primero que encontrás;No, trabajo menos horas;Voy viendo según el día;Pongo música/radio;A veces;Tal vez;Sí;Quizas por motivo de la pandemia, se entienda q estar sentado horas hombres no es igual a productividad en el trabajo;NA;NA;NA;NA;NA;NA;NA;NA;Sí;Sí
2020-03-20T13:03:15Z;Argentina;NA;NA;NA;NA;Mendoza;39;Hombre;Sí;Mejoró;Sí;Sí;Trabajar desde tu casa;Se mantiene igual de bien;Nacional;Si;Petroleo;Entre 51% y un 80%;Skype/Microsoft Teams, Mail, WhatsApp;Sólo para comer;Te ponés lo primero que encontrás;No, trabajo más horas;Voy viendo según el día;Pongo música/radio;Nunca;Tal vez;Tal vez;NA;NA;NA;NA;NA;NA;NA;NA;NA;Sí;Sí
2020-03-20T13:04:12Z;Argentina;NA;NA;NA;NA;Tucumán;26;Hombre;No;NA;NA;NA;NA;NA;NA;NA;NA;NA;NA;NA;NA;NA;NA;NA;NA;NA;NA;NA;No;No;Sí;No;Sí;Nacional;Supermercado;Más o menos;Sí;Sí
2020-03-20T13:04:29Z;Argentina;NA;NA;NA;NA;Ciudad Autónoma de Buenos Aires;45;Mujer;Sí;Sigue igual;Sí;Sí;Trabajar desde un bar/café;Tuvimos que hacer ajustes pero va bien;Multinacional;Si;Financiera;Entre un 10% y un 30%;Skype/Microsoft Teams, WhatsApp;Sí;Te ponés lo primero que encontrás;No, trabajo menos horas;Me pongo uno o dos objetivos nada más;Pongo música/radio;A veces;No;Sí;Vamos a incorporar más herramientas para trabajo remoto, y sumar habilidades de trabajo colaborativo.;NA;NA;NA;NA;NA;NA;NA;NA;Sí;Sí
2020-03-20T13:13:09Z;Argentina;NA;NA;NA;NA;Ciudad Autónoma de Buenos Aires;49;Hombre;Sí;Sigue igual;No;Sí;Trabajar en un cowork;Se mantiene igual de bien;Multinacional;Si;consultoria de rh;Entre 31% y el 50%;Mail, WhatsApp;Sí;Te ponés lo primero que encontrás;No, trabajo menos horas;Planifico todas las tareas del día;Pongo música/radio;Nunca;Tal vez;Sí;si habrá un antes y después de esta pandemia;NA;NA;NA;NA;NA;NA;NA;NA;Sí;Sí
2020-03-20T13:13:34Z;Argentina;NA;NA;NA;NA;Buenos Aires;33;Mujer;Sí;Sigue igual;No;No;Trabajar con gente en la oficina;Se mantiene igual de bien;Nacional;Si;Colchones y sommier;Entre 31% y el 50%;WhatsApp;Sí;Te ponés lo primero que encontrás;No, trabajo menos horas;Voy viendo según el día;Pongo música/radio;Nunca;No;Sí;NA;NA;NA;NA;NA;NA;NA;NA;NA;Sí;Sí
2020-03-20T13:16:25Z;Argentina;NA;NA;NA;NA;Buenos Aires;56;Mujer;Sí;Sigue igual;Sí;Sí;Trabajar desde tu casa;Se mantiene igual de bien;Emprendimiento personal;Si;Consultoría;Más del 80%;Zoom, Skype/Microsoft Teams, Mail, WhatsApp;Sí;Te ponés lo primero que encontrás;No, trabajo más horas;Voy viendo según el día;Prefiero un ambiente en silencio;Nunca;Tal vez;Sí;NA;NA;NA;NA;NA;NA;NA;NA;NA;Sí;No
2020-03-20T13:24:41Z;Argentina;NA;NA;NA;NA;Entre Ríos;32;Mujer;Sí;Mejoró;No;No;Trabajar desde tu casa;Es mucho peor;Nacional;Si;Construcción;Menos del 10%;Mail, WhatsApp, Red social interna (Yammer/Workplace);No;Te ponés lo primero que encontrás;Si;Me pongo uno o dos objetivos nada más;Pongo música/radio;A veces;No;Sí;"Trabajo en una empresa donde, por su cultura, el que está físicamente en la oficina, o en su puesto de trabajo, es quien trabaja. No importa si no estas haciendo nada, si estas físicamente en el lugar se considera que estas trabajando. No hay mucho control de las tareas, las jefaturas están difusas, no hay mucha exigencia en general, por lo que vale que hayas marcado la entrada y la salida en los horarios que deberías. Por todo esto es que jamás se había realizado teletrabajo. Al plantearse la situación actual, y ante el pedido de revisar si todos tenían las herramientas para poder trabajar en sus casas, para ir adelantando llegado el caso, hubo dos respueatas: enojo: porque RrHh estaba haciendo algo que no se creía que fuese necesario, no era para tanto y nadie iba a trabajar desde su casa. Otra un poco más gráfica para entender el punto de vista de los dueños: ""A mi también me gustaría levantarme a las 10 y tomar mate con los vecinos"". 
Al otro día se tomó la decisión de trabajar desde la casa, todos tenían los recursos necesarios. Se tendrá que analizar la productividad de cada sector de acuerdo a esta modalidad, y deseo que se comience a valorar el trabajo por resultados y no por presencia; esto creo va a contribuir en ese camino.";NA;NA;NA;NA;NA;NA;NA;NA;Sí;Sí
2020-03-20T13:27:22Z;Argentina;NA;NA;NA;NA;Ciudad Autónoma de Buenos Aires;38;Hombre;Sí;Sigue igual;No;Sí;Trabajar en un cowork;Tuvimos que hacer ajustes pero va bien;Nacional;Si;Alimenticia;Menos del 10%;Skype/Microsoft Teams, Mail, WhatsApp;Sí;Te ponés lo primero que encontrás;Si;Planifico todas las tareas del día;Pongo música/radio;A veces;Tal vez;Sí;Las empresas que no comprendian el homeoffice van a ver la productividad y que las tareas no cambian. Ademas la jornadas de 8/9 hs van a cambiar a objetivos;NA;NA;NA;NA;NA;NA;NA;NA;Sí;Sí
2020-03-20T13:28:12Z;Argentina;NA;NA;NA;NA;Ciudad Autónoma de Buenos Aires;32;Mujer;Sí;Mejoró;No;No;Trabajar con gente en la oficina;Se mantiene igual de bien;Empresa Estatal;Si;Sector público;Menos del 10%;Mail, WhatsApp;Sí;Te vestís como para ir a trabajar normalmente;Si;Voy viendo según el día;Prefiero un ambiente en silencio;A veces;No;Sí;NA;NA;NA;NA;NA;NA;NA;NA;NA;Sí;Sí
2020-03-20T13:34:12Z;Argentina;NA;NA;NA;NA;Jujuy;35;Mujer;No;NA;NA;NA;NA;NA;NA;NA;NA;NA;NA;NA;NA;NA;NA;NA;NA;NA;NA;NA;No;Sí;Sí;No;Sí;Multinacional;Construccion;Si;Sí;No
2020-03-20T13:35:04Z;Paraguay;ASUNCION;28;Hombre;No;NA;NA;NA;NA;NA;NA;NA;NA;NA;NA;NA;NA;NA;NA;NA;NA;NA;NA;NA;NA;NA;NA;NA;Sí;Sí;Sí;Sí;Sí;Nacional;RRHH;Si;Sí;Sí
2020-03-20T13:36:53Z;Argentina;NA;NA;NA;NA;Buenos Aires;32;Mujer;Sí;Sigue igual;Sí;No;Trabajar con gente en la oficina;Tuvimos que hacer ajustes pero va bien;Multinacional;Si;Venta de herramientas manuales y electricas;Menos del 10%;Zoom, Mail, WhatsApp, Red social interna (Yammer/Workplace);Sí;Te ponés lo primero que encontrás;No, trabajo más horas;Voy viendo según el día;Pongo música/radio;A veces;Tal vez;Tal vez;Esto hará que se replanteen las formas de trabajo.;NA;NA;NA;NA;NA;NA;NA;NA;Sí;Sí
2020-03-20T13:37:07Z;Argentina;NA;NA;NA;NA;Buenos Aires;31;Mujer;Sí;Sigue igual;No;Sí;Trabajar desde tu casa;Tuvimos que hacer ajustes pero va bien;Multinacional;Si;Salud;Entre 31% y el 50%;Zoom, Skype/Microsoft Teams, Mail, WhatsApp;Sólo para comer;Sólo te preocupas de lo que te ponés de la cintura para arriba;No, trabajo más horas;Voy viendo según el día;Prefiero un ambiente en silencio;A veces;No;Sí;Si bien hay sectores que por su naturaleza no permite el home office, plantas, laboratorios etc. Creo que es una oportunidad para lo que aun desconfiaban de la modalidad de teletrabajo  de creer y reconocer que hay muchas herramientas para estar conectados y trabajando de la misma manera. Asi mismo, creo que el contacto en persona es necesario para fortalecer el vinculo y la confianza, pero que se puede sostener y dar respuesta de igual manera conectados. Usar la camara, herramientas como zoom que los dejan interactuar, ayudan muchisimo.;NA;NA;NA;NA;NA;NA;NA;NA;Sí;Sí
2020-03-20T13:38:13Z;Argentina;NA;NA;NA;NA;Ciudad Autónoma de Buenos Aires;26;Mujer;Sí;Mejoró;No;Sí;Trabajar con gente en la oficina;Se mantiene igual de bien;Multinacional;Si;Consultoria;Entre 51% y un 80%;Skype/Microsoft Teams, Mail, WhatsApp, Red social interna (Yammer/Workplace);Sólo para comer;Te ponés lo primero que encontrás;No, trabajo más horas;Voy viendo según el día;Pongo música/radio;A veces;No;Sí;Quienes no confiaban en el trabajo remoto empezarán a hacerlo, y quienes lo realizaban también empezarán a valorar trabajar en la oficina;NA;NA;NA;NA;NA;NA;NA;NA;Sí;Sí
2020-03-20T13:49:17Z;Argentina;NA;NA;NA;NA;Córdoba;32;Mujer;Sí;Sigue igual;No;Sí;Trabajar desde tu casa;Se mantiene igual de bien;Multinacional;Si;Telecomunicaciones;Menos del 10%;Skype/Microsoft Teams, Mail, WhatsApp, Webex;Sólo para comer;Te ponés lo primero que encontrás;No, trabajo más horas;Me pongo uno o dos objetivos nada más;Prefiero un ambiente en silencio;A veces;No;Tal vez;Creo que es una oportunidad para demostrar que la productividad no depende del lugar de trabajo sino de otros factores mas transcendentales;NA;NA;NA;NA;NA;NA;NA;NA;Sí;Sí
2020-03-20T14:00:00Z;Argentina;NA;NA;NA;NA;Ciudad Autónoma de Buenos Aires;37;Hombre;Sí;Sigue igual;Sí;Sí;Trabajar en un cowork;Se mantiene igual de bien;Multinacional;Si;tecnología;Entre un 10% y un 30%;Zoom, Slack, Mail, WhatsApp;Sí;Te ponés lo primero que encontrás;Si;Voy viendo según el día;Pongo música/radio;A veces;No;Tal vez;NA;NA;NA;NA;NA;NA;NA;NA;NA;Sí;No
2020-03-20T14:06:29Z;Paraguay;Asunción;36;Mujer;No;NA;NA;NA;NA;NA;NA;NA;NA;NA;NA;NA;NA;NA;NA;NA;NA;NA;NA;NA;NA;NA;NA;NA;Sí;Sí;Sí;Sí;Sí;Nacional;Recursos Humanos;Si;Sí;Sí
2020-03-20T14:09:40Z;Argentina;NA;NA;NA;NA;Ciudad Autónoma de Buenos Aires;29;Mujer;Sí;Mejoró;No;No;Trabajar en un cowork;Se mantiene igual de bien;Nacional;Si;CONSTRUCCION;Menos del 10%;Hangouts/Google Meet, Mail, WhatsApp;Sí;Te ponés lo primero que encontrás;Si;Me pongo uno o dos objetivos nada más;Prefiero un ambiente en silencio;Nunca;Tal vez;Sí;Tenemos la prueba que la organizacion continua produciendo;NA;NA;NA;NA;NA;NA;NA;NA;Sí;Sí
2020-03-20T14:13:59Z;Argentina;NA;NA;NA;NA;Ciudad Autónoma de Buenos Aires;30;Mujer;Sí;Empeoró;No;Sí;Trabajar desde tu casa;Se mantiene igual de bien;Multinacional;Si;Eléctrico;Entre 51% y un 80%;Skype/Microsoft Teams, Mail, WhatsApp;Sólo para comer;Te ponés lo primero que encontrás;Si;Voy viendo según el día;Pongo música/radio;A veces;No;Sí;"En compañías donde el home office no es moneda corriente, creo que van a darse cuenta que se puede trabajar igual y que sirve para tareas que requieren de mucha concentración.

Por otro lado, va a forzar a que aquellas que no tenían un Plan de Contingencia en pie, lo empiecen a considerar impactando directamente en la mejora de procesos de trabajo y a utilización de herramientas en la nube.";NA;NA;NA;NA;NA;NA;NA;NA;Sí;Sí
2020-03-20T14:20:21Z;Argentina;NA;NA;NA;NA;Ciudad Autónoma de Buenos Aires;44;Mujer;Sí;Sigue igual;Sí;Sí;Trabajar con gente en la oficina;Tuvimos que hacer ajustes pero va bien;Multinacional;Si;Oil & gas;Entre 31% y el 50%;Skype/Microsoft Teams, WhatsApp;Sí;Te vestís como para ir a trabajar normalmente;Si;Planifico todas las tareas del día;Pongo música/radio;A veces;No;Sí;Aumento el porcentaje de gente trabajando a distancia y mejoramos exponencialmente la manera de aprender;NA;NA;NA;NA;NA;NA;NA;NA;Sí;No
2020-03-20T14:21:14Z;Argentina;NA;NA;NA;NA;Ciudad Autónoma de Buenos Aires;32;Mujer;Sí;Sigue igual;No;Sí;Trabajar con gente en la oficina;Tuvimos que hacer ajustes pero va bien;Multinacional;Si;Argo;Entre un 10% y un 30%;Skype/Microsoft Teams, Mail, WhatsApp;Sólo para comer;Te ponés lo primero que encontrás;No, trabajo más horas;Voy viendo según el día;Pongo música/radio;A veces;Tal vez;Tal vez;Porque se va a generar conciencia que algunos trabajos se pueden hacer de manera remota;NA;NA;NA;NA;NA;NA;NA;NA;Sí;No
2020-03-20T14:24:54Z;Argentina;NA;NA;NA;NA;Ciudad Autónoma de Buenos Aires;44;Mujer;Sí;Empeoró;Sí;No;Trabajar desde tu casa;Se mantiene igual de bien;Multinacional;Si;Banca financiera;Entre 31% y el 50%;Zoom, WhatsApp;Sólo para comer;Te ponés lo primero que encontrás;Si;Planifico todas las tareas del día;Prefiero un lugar donde circule gente;Sí, todo el tiempo;Tal vez;Sí;Creo que las organizaciones, como reflejo de la humanidad misma, no saben aprovechar sus recursos y terminan malgastandolos. Por otro lado, es curioso el despertar de la creatividad en tiempos de necesidad.;NA;NA;NA;NA;NA;NA;NA;NA;Sí;Sí
2020-03-20T14:37:32Z;Paraguay;Asunción;39;Mujer;Sí;NA;NA;NA;NA;Sigue igual;Sí;Sí;Trabajar desde tu casa;Se mantiene igual de bien;Nacional;Si;Servicios (Específicos de RR HH);Entre 31% y el 50%;Zoom, Skype/Microsoft Teams, Mail, WhatsApp, Monday;Sí;Sólo te preocupas de lo que te ponés de la cintura para arriba;No, trabajo menos horas;Planifico todas las tareas del día;Pongo música/radio;A veces;Tal vez;Sí;"La situación actual logró accionar ideas que algunas empresas lo creían imposible de llevar a cabo, quizás no es la manera correcta de desarrollarlas pero toda crisis siempre es oportunidad y en este caso se demostró eso. Ojalá estos ""ajustes"" que se están dando puedan seguir como metodologías de trabajo y cada día mejorarlas más.";NA;NA;NA;NA;NA;NA;NA;NA;Sí;Sí
2020-03-20T14:38:02Z;Argentina;NA;NA;NA;NA;Buenos Aires;26;Mujer;Sí;Sigue igual;No;No;Trabajar con gente en la oficina;Tuvimos que hacer ajustes pero va bien;Empresa Estatal;Si;Municipalidad;Menos del 10%;Mail, WhatsApp, Chat Interno;Sólo para comer;Te ponés lo primero que encontrás;No, trabajo más horas;Voy viendo según el día;Pongo música/radio;Nunca;No;No;Al menos en mi trabajo, no lo veo viable, porque somos un organismo que brinda atención al público y servicio al vecino todo el tiempo. Las áreas que no lo hacemos, debemos brindarle el apoyo necesario a quiénes si atienden, para que nuestro cliente quede siempre satisfecho. Si un vecino hace una consulta de un sector que no está trabajando en la oficina física, la respuesta no sería inmediata;NA;NA;NA;NA;NA;NA;NA;NA;Sí;Sí
2020-03-20T14:41:35Z;Paraguay;Asunción;42;Hombre;No;NA;NA;NA;NA;NA;NA;NA;NA;NA;NA;NA;NA;NA;NA;NA;NA;NA;NA;NA;NA;NA;NA;NA;Sí;Sí;Sí;No;Sí;Nacional;Financiero;Si;Sí;Sí
2020-03-20T14:54:58Z;Argentina;NA;NA;NA;NA;Ciudad Autónoma de Buenos Aires;33;Hombre;Sí;Sigue igual;Sí;Sí;Trabajar desde tu casa;Tuvimos que hacer ajustes pero va bien;Multinacional;Si;Oil & Gas y Metalurgia;Entre 51% y un 80%;Skype/Microsoft Teams, Mail, WhatsApp;Sí;Te ponés lo primero que encontrás;Si;Voy viendo según el día;Pongo música/radio;A veces;Sí;Sí;Se debería probar que los resultados se generan y los objetivos se cumplen sin tener que estar todo el día en una oficina.;NA;NA;NA;NA;NA;NA;NA;NA;Sí;Sí
2020-03-20T16:00:43Z;Argentina;NA;NA;NA;NA;Ciudad Autónoma de Buenos Aires;49;Hombre;Sí;Mejoró;Sí;Sí;Trabajar desde tu casa;Tuvimos que hacer ajustes pero va bien;Multinacional;Si;Servicios informáticos;Más del 80%;Skype/Microsoft Teams, Mail, WhatsApp;Sólo para comer;Sólo te preocupas de lo que te ponés de la cintura para arriba;Si;Voy viendo según el día;Pongo música/radio;A veces;Sí;Sí;Muchas empresas van a entender las ventajas del teletrabajo;NA;NA;NA;NA;NA;NA;NA;NA;Sí;No
2020-03-20T16:10:59Z;Paraguay;Paraguay - Asunción;24;Mujer;Sí;NA;NA;NA;NA;Mejoró;No;No;Trabajar desde un bar/café;Tuvimos que hacer ajustes pero va bien;Nacional;Si;Servicios de Recursos Humanos;Menos del 10%;Skype/Microsoft Teams, Mail, WhatsApp, Webex, Monday;Sí;Te ponés lo primero que encontrás;No, trabajo menos horas;Me pongo uno o dos objetivos nada más;Pongo música/radio;A veces;No;Tal vez;"Ante la situación, creo que muchas empresas han tenido que optar ""a la fuerza"" por esta modalidad de trabajo, que si bien ya existe hace varios años, al menos en mi país no era muy común aún, por lo que algunas puede que lo vean como una opción más viable cuando esto pase. Así también,  pienso que muchas personas van a darse cuenta si esta modalidad es o no aplicable a su estilo de vida/trabajo. 
Personalmente, esta experiencia está resultando bien y enriquecedora. La disciplina y la organización son fundamentales para poder cumplir con las tareas y objetivos del equipo, así que es un proceso de auto conocimiento también porque las condiciones de trabajo definitivamente no son las mismas.";NA;NA;NA;NA;NA;NA;NA;NA;Sí;Sí
2020-03-20T16:12:52Z;Paraguay;Asunción;38;Hombre;Sí;NA;NA;NA;NA;Empeoró;Sí;Sí;Trabajar en un cowork;Tuvimos que hacer ajustes pero va bien;Emprendimiento personal;Si;Medio de Comunicación;Entre un 10% y un 30%;Zoom, Hangouts/Google Meet, Slack, Mail, WhatsApp;Sí;Te ponés lo primero que encontrás;No, trabajo menos horas;Me pongo uno o dos objetivos nada más;Pongo música/radio;Nunca;Tal vez;Sí;al verse todos obligados las costumbres cambian, obviamente que no de todos;NA;NA;NA;NA;NA;NA;NA;NA;Sí;Sí
2020-03-20T16:15:08Z;Paraguay;Asunción;27;Mujer;Sí;NA;NA;NA;NA;Empeoró;Sí;No;Trabajar con gente en la oficina;Tuvimos que hacer ajustes pero va bien;Nacional;Si;RRHH;Menos del 10%;Skype/Microsoft Teams, WhatsApp, webex;Sólo para comer;Sólo te preocupas de lo que te ponés de la cintura para arriba;No, trabajo más horas;Voy viendo según el día;Pongo música/radio;Sí, todo el tiempo;No;Sí;,;NA;NA;NA;NA;NA;NA;NA;NA;Sí;No
2020-03-20T16:22:54Z;Paraguay;Asunción;27;Hombre;Sí;NA;NA;NA;NA;Sigue igual;No;No;Trabajar con gente en la oficina;Se mantiene igual de bien;Nacional;Si;Servicios;Menos del 10%;Skype/Microsoft Teams, WhatsApp, Webex - Monday;Sí;Sólo te preocupas de lo que te ponés de la cintura para arriba;No, trabajo menos horas;Planifico todas las tareas del día;Pongo música/radio;Sí, todo el tiempo;No;Sí;La presión te obliga a moverte de forma diferente;NA;NA;NA;NA;NA;NA;NA;NA;Sí;Sí
2020-03-20T16:52:24Z;Argentina;NA;NA;NA;NA;Ciudad Autónoma de Buenos Aires;49;Hombre;Sí;Sigue igual;Sí;Sí;Trabajar con gente en la oficina;Tuvimos que hacer ajustes pero va bien;Nacional;Si;energía;Entre 31% y el 50%;Skype/Microsoft Teams, Mail, WhatsApp, Red social interna (Yammer/Workplace);Sí;Te ponés lo primero que encontrás;Si;Planifico todas las tareas del día;Prefiero un ambiente en silencio;Sí, todo el tiempo;No;Sí;NA;NA;NA;NA;NA;NA;NA;NA;NA;No;No
2020-03-20T17:05:40Z;Chile;RM;26;Hombre;Sí;NA;NA;NA;NA;Mejoró;No;Sí;Trabajar con gente en la oficina;Tuvimos que hacer ajustes pero va bien;Multinacional;Si;Retail;Más del 80%;Zoom, Skype/Microsoft Teams, WhatsApp, Red social interna (Yammer/Workplace);Sí;Te ponés lo primero que encontrás;No, trabajo más horas;Planifico todas las tareas del día;Pongo música/radio;A veces;Tal vez;No;NA;NA;NA;NA;NA;NA;NA;NA;NA;Sí;No
2020-03-20T17:07:56Z;Argentina;NA;NA;NA;NA;Buenos Aires;37;Hombre;Sí;Sigue igual;Sí;No;Trabajar desde tu casa;Se mantiene igual de bien;Multinacional;Si;Venta de maquinarias;Menos del 10%;Skype/Microsoft Teams, Mail, WhatsApp, Red social interna (Yammer/Workplace);Sí;Te ponés lo primero que encontrás;No, trabajo más horas;Voy viendo según el día;Pongo música/radio;Nunca;Tal vez;Sí;Esto sera una visagra en el modo de comunicarnos y conectarnos...se profundizara un cambio en todo orden...y las consecuencias pueden ser drasticas si uno no se adapta;NA;NA;NA;NA;NA;NA;NA;NA;Sí;Sí
2020-03-20T17:14:18Z;Paraguay;Asuncion;31;Hombre;Sí;NA;NA;NA;NA;Sigue igual;No;No;Trabajar desde tu casa;Tuvimos que hacer ajustes pero va bien;Multinacional;Si;Agronegocios;Menos del 10%;Skype/Microsoft Teams, Mail, WhatsApp, Red social interna (Yammer/Workplace);Sí;Te vestís como para ir a trabajar normalmente;No, trabajo más horas;Planifico todas las tareas del día;Prefiero un ambiente en silencio;A veces;Tal vez;Tal vez;NA;NA;NA;NA;NA;NA;NA;NA;NA;Sí;Sí
2020-03-20T17:15:04Z;Argentina;NA;NA;NA;NA;Ciudad Autónoma de Buenos Aires;37;Mujer;Sí;Mejoró;No;Sí;Trabajar en un cowork;Se mantiene igual de bien;Emprendimiento personal;Si;Consultoria de RRHH;Más del 80%;Zoom, Skype/Microsoft Teams, Slack, WhatsApp;Sí;Te ponés lo primero que encontrás;No, trabajo más horas;Planifico todas las tareas del día;Prefiero un ambiente en silencio;A veces;Tal vez;Sí;Varias de las empresas que experimentan como nueva esta metodología, es posible que la curva de aprendizaje cueste, pero tendrán resultados acerca de ciertas posiciones que pueden tranquilamente operar desde cualquier parte, y que no necesitaran dentro de una estructura estática. Posiblemente de la posibilidad de achicar sus espacios en común para bajar costos.;NA;NA;NA;NA;NA;NA;NA;NA;Sí;Sí
2020-03-20T17:17:05Z;Paraguay;Asunción;26;Hombre;Sí;NA;NA;NA;NA;Mejoró;Sí;No;Trabajar en un cowork;Se mantiene igual de bien;Nacional;Si;Recursos Humanos;Menos del 10%;Mail, WhatsApp, Webex;Sólo para comer;Te ponés lo primero que encontrás;Si;Planifico todas las tareas del día;Pongo música/radio;A veces;No;Tal vez;Creo que podría darse, pues se ahorran costos desde la empresa y a la persona le gusta hacer home office.;NA;NA;NA;NA;NA;NA;NA;NA;Sí;Sí
2020-03-20T17:18:57Z;Argentina;NA;NA;NA;NA;Ciudad Autónoma de Buenos Aires;58;Mujer;Sí;Mejoró;Sí;Sí;Trabajar desde tu casa;Se mantiene igual de bien;Emprendimiento personal;Si;Consultoria;NA;Zoom, Skype/Microsoft Teams, Mail, WhatsApp;Sí;Te ponés lo primero que encontrás;No, trabajo menos horas;Planifico todas las tareas del día;Pongo música/radio;Nunca;Sí;No;Cada vez más habrá teletrabajo;NA;NA;NA;NA;NA;NA;NA;NA;Sí;Sí
2020-03-20T17:23:55Z;Argentina;NA;NA;NA;NA;Buenos Aires;41;Hombre;Sí;Sigue igual;No;No;Trabajar con gente en la oficina;Tuvimos que hacer ajustes pero va bien;Nacional;Si;Metalúrgico;Menos del 10%;Skype/Microsoft Teams, Mail, WhatsApp;Sí;Sólo te preocupas de lo que te ponés de la cintura para arriba;No, trabajo menos horas;Me pongo uno o dos objetivos nada más;Pongo música/radio;Sí, todo el tiempo;Tal vez;Sí;"La implementación y utilización de herramientas, como por ejemplo Teams, ayudará a cambiar la cultura y mitigar el prejuicio de la dirección en muchas empresas donde existía una negación al trabajo remoto.
También requerirá práctica y adecuación de los procesos de planificación y control de las tareas.";NA;NA;NA;NA;NA;NA;NA;NA;Sí;Sí
2020-03-20T17:26:11Z;Argentina;NA;NA;NA;NA;Ciudad Autónoma de Buenos Aires;25;Mujer;Sí;Mejoró;No;Sí;Trabajar con gente en la oficina;Se mantiene igual de bien;Nacional;Si;IT;Más del 80%;Hangouts/Google Meet, Skype/Microsoft Teams, Mail, WhatsApp, Red social interna (Yammer/Workplace);Sí;Te ponés lo primero que encontrás;Si;Planifico todas las tareas del día;Pongo música/radio;A veces;No;Sí;Creo que esta experiencia me va a servir para organizar prioridades y comunicarnos mejor con mi equipo;NA;NA;NA;NA;NA;NA;NA;NA;Sí;Sí
2020-03-20T17:33:56Z;Paraguay;Asunción;35;Mujer;Sí;NA;NA;NA;NA;Sigue igual;Sí;No;Trabajar en un cowork;Tuvimos que hacer ajustes pero va bien;Nacional;Si;RRHH;Menos del 10%;Mail, WhatsApp, Webex;Sí;Sólo te preocupas de lo que te ponés de la cintura para arriba;Si;Planifico todas las tareas del día;NA;A veces;No;Sí;NA;NA;NA;NA;NA;NA;NA;NA;NA;Sí;Sí
2020-03-20T17:42:33Z;Argentina;NA;NA;NA;NA;Santa Fe;39;Mujer;Sí;Empeoró;Sí;Sí;Trabajar en un cowork;Es mucho peor;Empresa Estatal;Si;Industrial;Menos del 10%;Mail, WhatsApp, Red social interna (Yammer/Workplace);No;Te ponés lo primero que encontrás;No, trabajo menos horas;Voy viendo según el día;Prefiero un ambiente en silencio;Nunca;No;Tal vez;NA;NA;NA;NA;NA;NA;NA;NA;NA;Sí;Sí
2020-03-20T18:01:14Z;Chile;Cautin, Araucanía;52;Mujer;Sí;NA;NA;NA;NA;Empeoró;Sí;No;Trabajar en un cowork;Tuvimos que hacer ajustes pero va bien;Empresa Estatal;No;NA;NA;NA;NA;NA;NA;NA;NA;NA;NA;NA;NA;NA;NA;NA;NA;NA;NA;NA;NA;Sí;Sí
2020-03-20T19:24:30Z;Argentina;NA;NA;NA;NA;Ciudad Autónoma de Buenos Aires;37;Mujer;No;NA;NA;NA;NA;NA;NA;NA;NA;NA;NA;NA;NA;NA;NA;NA;NA;NA;NA;NA;Sí;Sí;Sí;No;Sí;Nacional;Obra Social;Si;Sí;Sí
2020-03-20T19:25:30Z;Perú;Lima;41;Mujer;Sí;NA;NA;NA;NA;Sigue igual;Sí;No;Trabajar desde tu casa;Tuvimos que hacer ajustes pero va bien;Nacional;Si;Agroindustrial;Menos del 10%;Mail, WhatsApp;Sí;Te ponés lo primero que encontrás;No, trabajo más horas;Planifico todas las tareas del día;Pongo música/radio;Nunca;Tal vez;Sí;Por que permitió ver otras opciones y ajustes para que el trabajo mejore;NA;NA;NA;NA;NA;NA;NA;NA;Sí;Sí
2020-03-20T19:43:36Z;Argentina;NA;NA;NA;NA;Buenos Aires;41;Hombre;Sí;Empeoró;Sí;No;Trabajar desde un bar/café;Se mantiene igual de bien;Multinacional;Si;Automotriz;Menos del 10%;Skype/Microsoft Teams, Mail, WhatsApp;Sí;Te ponés lo primero que encontrás;No, trabajo menos horas;Me pongo uno o dos objetivos nada más;Prefiero un ambiente en silencio;A veces;Tal vez;Sí;Creo que este problema obliga a las empresas a cambiar definitivamente la forma de trabajar.;NA;NA;NA;NA;NA;NA;NA;NA;Sí;Sí
2020-03-20T20:50:40Z;Argentina;NA;NA;NA;NA;Ciudad Autónoma de Buenos Aires;23;Mujer;Sí;Mejoró;No;Sí;Trabajar desde tu casa;Tuvimos que hacer ajustes pero va bien;Nacional;Si;Consultoria;Entre 31% y el 50%;Zoom, Hangouts/Google Meet, Slack, Mail, WhatsApp;No;Te ponés lo primero que encontrás;No, trabajo más horas;Planifico todas las tareas del día;Prefiero un ambiente en silencio;A veces;Tal vez;No;NA;NA;NA;NA;NA;NA;NA;NA;NA;Sí;Sí
2020-03-20T21:35:50Z;Argentina;NA;NA;NA;NA;Ciudad Autónoma de Buenos Aires;22;Mujer;Sí;Mejoró;No;Sí;Trabajar desde tu casa;Se mantiene igual de bien;Nacional;Si;Business Intelligence;Entre 31% y el 50%;Zoom, Hangouts/Google Meet, Slack, Mail, WhatsApp;Sí;Sólo te preocupas de lo que te ponés de la cintura para arriba;Si;Planifico todas las tareas del día;Pongo música/radio;A veces;Sí;Tal vez;Mi esperanza es que con esto los empleados demostremos que podemos ser igual o más eficientes desde casa y las empresas nos den más libertad con eso, que sea optativo el trabajo remoto. También  entiendo que hay gente con chicos que no pueden concentrarse o que simplemente prefieren trabajar desde la oficina para no mezclar ambientes o porque los ayuda más a concentrarse.;NA;NA;NA;NA;NA;NA;NA;NA;Sí;Sí
2020-03-20T21:41:17Z;Argentina;NA;NA;NA;NA;Chubut;33;Mujer;Sí;Mejoró;Sí;No;Trabajar desde un bar/café;Se mantiene igual de bien;Nacional;Si;Automotores;Menos del 10%;Mail, WhatsApp;Sí;Te ponés lo primero que encontrás;Si;Me pongo uno o dos objetivos nada más;Prefiero un lugar donde circule gente;Nunca;Sí;Tal vez;Considero que esta crisis es una oportunidad forzosa de demostrar a los empleadores de mentalidad arcaica, que es posible ser productivo por voluntad, responsabilidad propia y autodisciplina.;NA;NA;NA;NA;NA;NA;NA;NA;Sí;Sí
2020-03-21T02:42:18Z;Argentina;NA;NA;NA;NA;Buenos Aires;34;Mujer;No;NA;NA;NA;NA;NA;NA;NA;NA;NA;NA;NA;NA;NA;NA;NA;NA;NA;NA;NA;No;Sí;No;No;Sí;Empresa del Estado;Consejo Profesional (organismo paraestatal);Más o menos;Sí;No
2020-03-21T10:59:31Z;Argentina;NA;NA;NA;NA;Córdoba;34;Hombre;Sí;Sigue igual;No;No;Trabajar en un cowork;Se mantiene igual de bien;Nacional;Si;Tecnológico;Menos del 10%;Mail, WhatsApp;Sí;Te ponés lo primero que encontrás;No, trabajo más horas;Me pongo uno o dos objetivos nada más;Prefiero un lugar donde circule gente;A veces;No;No;NA;NA;NA;NA;NA;NA;NA;NA;NA;Sí;No
2020-03-21T11:33:38Z;Argentina;NA;NA;NA;NA;Ciudad Autónoma de Buenos Aires;43;Mujer;Sí;Sigue igual;Sí;Sí;Trabajar desde tu casa;Se mantiene igual de bien;Emprendimiento personal;Si;Consultoría de Estrategia de Gestión de Recursos Humanos;Más del 80%;Zoom, Skype/Microsoft Teams, Mail, WhatsApp;Sí;Te vestís como para ir a trabajar normalmente;Si;Planifico todas las tareas del día;Pongo música/radio;Nunca;Sí;No;NA;NA;NA;NA;NA;NA;NA;NA;NA;Sí;Sí
2020-03-21T11:44:02Z;Argentina;NA;NA;NA;NA;Ciudad Autónoma de Buenos Aires;29;Mujer;Sí;Mejoró;No;Sí;Trabajar con gente en la oficina;Se mantiene igual de bien;Multinacional;Si;IT;Entre 51% y un 80%;Skype/Microsoft Teams, Mail, WhatsApp, Red social interna (Yammer/Workplace);Sólo para comer;Te ponés lo primero que encontrás;No, trabajo más horas;Voy viendo según el día;Pongo música/radio;A veces;Tal vez;No;NA;NA;NA;NA;NA;NA;NA;NA;NA;Sí;No
2020-03-21T11:54:42Z;Argentina;NA;NA;NA;NA;Salta;32;Mujer;Sí;Sigue igual;No;Sí;Trabajar desde tu casa;Se mantiene igual de bien;Nacional;Si;IT;Más del 80%;Mail;Sólo para comer;Sólo te preocupas de lo que te ponés de la cintura para arriba;No, trabajo menos horas;Planifico todas las tareas del día;Prefiero un ambiente en silencio;Nunca;Sí;Sí;Creo que muchas industrias tendrán la posibilidad de conocer los beneficios del home office;NA;NA;NA;NA;NA;NA;NA;NA;Sí;No
2020-03-21T12:39:20Z;Argentina;NA;NA;NA;NA;Ciudad Autónoma de Buenos Aires;23;Hombre;Sí;Sigue igual;No;Sí;Trabajar con gente en la oficina;Tuvimos que hacer ajustes pero va bien;Nacional;Si;Tecnologia;Entre un 10% y un 30%;Zoom, Hangouts/Google Meet, Slack, Mail, WhatsApp;Sí;Te ponés lo primero que encontrás;No, trabajo más horas;Voy viendo según el día;Prefiero un ambiente en silencio;A veces;No;Tal vez;Muchas empresas que quizas no justificaban el home office van a darse cuenta de que si es posible hacerlo sin que baje la productividad;NA;NA;NA;NA;NA;NA;NA;NA;No;No
2020-03-21T12:45:57Z;Argentina;NA;NA;NA;NA;Ciudad Autónoma de Buenos Aires;53;Hombre;Sí;Sigue igual;Sí;No;Trabajar desde tu casa;Tuvimos que hacer ajustes pero va bien;Empresa Estatal;Si;Educacion;Menos del 10%;WhatsApp;Sí;Sólo te preocupas de lo que te ponés de la cintura para arriba;Si;Voy viendo según el día;Prefiero un ambiente en silencio;Nunca;Tal vez;No;NA;NA;NA;NA;NA;NA;NA;NA;NA;Sí;Sí
2020-03-21T12:56:55Z;Argentina;NA;NA;NA;NA;Neuquén;43;Mujer;Sí;Sigue igual;Sí;Sí;Trabajar con gente en la oficina;Tuvimos que hacer ajustes pero va bien;Multinacional;Si;Petroleo;Menos del 10%;Skype/Microsoft Teams, Mail, WhatsApp;Sí;Te vestís como para ir a trabajar normalmente;Si;Planifico todas las tareas del día;Pongo música/radio;A veces;Tal vez;Tal vez;Hay otro modo de seguir manteniendo actividad.;NA;NA;NA;NA;NA;NA;NA;NA;Sí;Sí
2020-03-21T13:14:47Z;Argentina;NA;NA;NA;NA;Ciudad Autónoma de Buenos Aires;38;Hombre;Sí;Mejoró;No;Sí;Trabajar con gente en la oficina;Se mantiene igual de bien;Emprendimiento personal;Si;Sistemas;Más del 80%;Zoom, Hangouts/Google Meet, Slack, Mail;Sí;Te ponés lo primero que encontrás;No, trabajo menos horas;Voy viendo según el día;Prefiero un lugar donde circule gente;A veces;No;Sí;Las excusas viejas dejan de tener validez;NA;NA;NA;NA;NA;NA;NA;NA;Sí;Sí
2020-03-21T13:23:39Z;Argentina;NA;NA;NA;NA;Ciudad Autónoma de Buenos Aires;44;Hombre;Sí;Mejoró;No;Sí;Trabajar desde tu casa;Tuvimos que hacer ajustes pero va bien;Multinacional;Si;IT/Telecomunicaciones;Más del 80%;Skype/Microsoft Teams, Mail, WhatsApp;Sí;Te ponés lo primero que encontrás;No, trabajo más horas;Voy viendo según el día;Pongo música/radio;Sí, todo el tiempo;Sí;Sí;Porque se va demostrar que la productividad no decayó y los costos operativos son menores.;NA;NA;NA;NA;NA;NA;NA;NA;Sí;Sí
2020-03-21T14:50:52Z;Argentina;NA;NA;NA;NA;Córdoba;30;Mujer;Sí;Mejoró;No;No;Trabajar con gente en la oficina;Tuvimos que hacer ajustes pero va bien;Nacional;Si;Alimenticia;Menos del 10%;Skype/Microsoft Teams, Mail, WhatsApp;Sólo para comer;Te ponés lo primero que encontrás;No, trabajo más horas;Voy viendo según el día;Prefiero un ambiente en silencio;Nunca;No;Tal vez;Creo que puede aumentar la flexibilidad en los horarios y el trabajo home office cuando las personas comiencen a pedirlo.;NA;NA;NA;NA;NA;NA;NA;NA;Sí;No
2020-03-21T15:00:51Z;Argentina;NA;NA;NA;NA;Buenos Aires;25;Hombre;Sí;Mejoró;No;Sí;Trabajar con gente en la oficina;Tuvimos que hacer ajustes pero va bien;Multinacional;Si;Agencia de viajes online;Entre 51% y un 80%;Zoom, Hangouts/Google Meet, Mail, WhatsApp, Red social interna (Yammer/Workplace);Sólo para comer;Te ponés lo primero que encontrás;No, trabajo más horas;Planifico todas las tareas del día;Pongo música/radio;A veces;Tal vez;Sí;"Creo que dará precedencia para que se dicten mejores leyes laborales para incluir aún más al ""trabajador remoto"" en empresas que nunca lo hubieran considerado. Hoy, se le están rompiendo esquemas.";NA;NA;NA;NA;NA;NA;NA;NA;Sí;Sí
2020-03-21T17:26:44Z;Argentina;NA;NA;NA;NA;Ciudad Autónoma de Buenos Aires;30;Mujer;Sí;Sigue igual;No;No;Trabajar con gente en la oficina;Se mantiene igual de bien;Multinacional;Si;Bebidas - consumo masivo;Menos del 10%;Zoom, Skype/Microsoft Teams, Mail, WhatsApp;No;Sólo te preocupas de lo que te ponés de la cintura para arriba;No, trabajo más horas;Planifico todas las tareas del día;Pongo música/radio;A veces;No;Sí;En lo personal, será una muestra chica para defender el beneficio de HO y demostrar la productividad. Igualmente consideró que el éxito es un mix entre HO responsable y la oficina.;NA;NA;NA;NA;NA;NA;NA;NA;Sí;Sí
2020-03-21T21:23:15Z;Argentina;NA;NA;NA;NA;Buenos Aires;36;Mujer;Sí;Empeoró;Sí;Sí;Trabajar desde tu casa;Se mantiene igual de bien;Multinacional;Si;Alimenticio;Entre 31% y el 50%;Skype/Microsoft Teams, WhatsApp, Red social interna (Yammer/Workplace);Sí;Te ponés lo primero que encontrás;Si;Voy viendo según el día;Pongo música/radio;A veces;No;Sí;Creo que van a cambiar muchas cosas después de este hito histórico.;NA;NA;NA;NA;NA;NA;NA;NA;Sí;Sí
2020-03-21T21:53:24Z;Argentina;NA;NA;NA;NA;Buenos Aires;28;Mujer;Sí;Sigue igual;No;Sí;Trabajar desde tu casa;Se mantiene igual de bien;Multinacional;Si;Automotriz;Entre 31% y el 50%;Skype/Microsoft Teams, Mail, Red social interna (Yammer/Workplace);Sólo para comer;Te ponés lo primero que encontrás;Si;Voy viendo según el día;Pongo música/radio;Nunca;Tal vez;Tal vez;Dependa cuanto se extienda esta cuarentena.y ya estamos viendo los cambios;NA;NA;NA;NA;NA;NA;NA;NA;Sí;Sí
2020-03-21T23:23:01Z;Argentina;NA;NA;NA;NA;Ciudad Autónoma de Buenos Aires;60;Hombre;Sí;Sigue igual;Sí;Sí;Trabajar con gente en la oficina;Tuvimos que hacer ajustes pero va bien;Nacional;Si;Servicios;Entre un 10% y un 30%;Zoom, Skype/Microsoft Teams, Mail, WhatsApp;Sí;Te vestís como para ir a trabajar normalmente;No, trabajo más horas;Planifico todas las tareas del día;Pongo música/radio;A veces;No;Sí;NA;NA;NA;NA;NA;NA;NA;NA;NA;Sí;Sí
2020-03-22T00:46:38Z;Argentina;NA;NA;NA;NA;Buenos Aires;39;Mujer;Sí;Mejoró;No;No;Trabajar en un cowork;Tuvimos que hacer ajustes pero va bien;Nacional;Si;Pyme / Manofactura;Menos del 10%;Mail, WhatsApp;Sí;Te ponés lo primero que encontrás;Si;Voy viendo según el día;Prefiero un ambiente en silencio;Nunca;Tal vez;Tal vez;Hay empresas, como donde yo trabajo, que todavia la Dirección tiene Resistencia al Trabajo en Remoto (Home Office), No la aprueba, ésta vez pasó por causa de fuerza mayor.;NA;NA;NA;NA;NA;NA;NA;NA;Sí;Sí
2020-03-22T13:40:38Z;Argentina;NA;NA;NA;NA;Ciudad Autónoma de Buenos Aires;24;Hombre;Sí;Mejoró;No;Sí;Trabajar desde tu casa;Se mantiene igual de bien;Multinacional;Si;Tecnología;NA;Skype/Microsoft Teams;Sólo para comer;Te ponés lo primero que encontrás;No, trabajo más horas;Voy viendo según el día;Pongo música/radio;Nunca;Tal vez;Sí;NA;NA;NA;NA;NA;NA;NA;NA;NA;Sí;Sí
2020-03-22T19:37:15Z;Argentina;NA;NA;NA;NA;Buenos Aires;24;Mujer;No;NA;NA;NA;NA;NA;NA;NA;NA;NA;NA;NA;NA;NA;NA;NA;NA;NA;NA;NA;No;No;No;No;No;PyME Nacional;Cristal automotor;No;Sí;No
2020-03-23T05:29:35Z;Argentina;NA;NA;NA;NA;Ciudad Autónoma de Buenos Aires;21;Mujer;No;NA;NA;NA;NA;NA;NA;NA;NA;NA;NA;NA;NA;NA;NA;NA;NA;NA;NA;NA;No;No;No;No;No;Empresa del Estado;NA;Más o menos;No;No
2020-03-23T10:57:50Z;España;Barcelona;36;Hombre;Sí;NA;NA;NA;NA;Empeoró;No;Sí;Trabajar en un cowork;Tuvimos que hacer ajustes pero va bien;Emprendimiento personal;Si;Medical Devices;Entre un 10% y un 30%;Zoom, Hangouts/Google Meet, Skype/Microsoft Teams, Mail, WhatsApp;Sólo para comer;Te ponés lo primero que encontrás;No, trabajo más horas;Me pongo uno o dos objetivos nada más;Prefiero un ambiente en silencio;Sí, todo el tiempo;No;Sí;Al margen de la tecnología para el teletrabajo, considero que impactará en la cultura organizacional. El trabajo por objetivos, la colaboración y en como lograr que la gente sea productiva.;NA;NA;NA;NA;NA;NA;NA;NA;Sí;No
2020-03-23T12:36:05Z;Argentina;NA;NA;NA;NA;Buenos Aires;25;Mujer;Sí;Empeoró;No;No;Trabajar con gente en la oficina;Se mantiene igual de bien;Nacional;Si;Consultora;Entre un 10% y un 30%;Mail, WhatsApp, Red social interna (Yammer/Workplace);Sólo para comer;Te ponés lo primero que encontrás;Si;Voy viendo según el día;Prefiero un ambiente en silencio;Nunca;No;Tal vez;NA;NA;NA;NA;NA;NA;NA;NA;NA;Sí;No
2020-03-23T13:35:57Z;Argentina;NA;NA;NA;NA;Ciudad Autónoma de Buenos Aires;36;Hombre;Sí;Mejoró;Sí;Sí;Trabajar desde tu casa;Se mantiene igual de bien;Multinacional;Si;Desarrollo de software estadístico;Entre un 10% y un 30%;Hangouts/Google Meet, Skype/Microsoft Teams, Mail, WhatsApp, Red social interna (Yammer/Workplace);Sí;Te ponés lo primero que encontrás;No, trabajo más horas;Planifico todas las tareas del día;Prefiero un ambiente en silencio;A veces;Sí;Sí;Difícilmente las empresas puedan volver esta situación a foja cero, las que lo hagan van a quedar por detrás de las que hayan aprendido algo de la situación;NA;NA;NA;NA;NA;NA;NA;NA;Sí;No
2020-03-23T15:35:07Z;Argentina;NA;NA;NA;NA;Santa Fe;29;Mujer;Sí;Empeoró;No;Sí;Trabajar con gente en la oficina;Se mantiene igual de bien;Emprendimiento personal;Si;Consultora de RRHH;Más del 80%;Mail, WhatsApp;Sólo para comer;Te ponés lo primero que encontrás;No, trabajo más horas;Voy viendo según el día;Pongo música/radio;A veces;No;Sí;NA;NA;NA;NA;NA;NA;NA;NA;NA;Sí;No
2020-03-23T15:59:11Z;Argentina;NA;NA;NA;NA;Ciudad Autónoma de Buenos Aires;28;Mujer;Sí;Mejoró;No;Sí;Trabajar en un cowork;Se mantiene igual de bien;Multinacional;Si;Marketing Digital;Más del 80%;Hangouts/Google Meet, Slack, Mail;Sí;Sólo te preocupas de lo que te ponés de la cintura para arriba;Si;Voy viendo según el día;Pongo música/radio;A veces;No;Sí;Muchos empleadores creen que Ia modalidad de teletrabajo disminuye la productividad. En mi opinión, es completamente opuesto. Creo que Tenes mayor nivel de concentración y eso puede generar la aparición de nuevas ideas y mejoras en la metodología de trabajo. Por lo cual, muchos tradicionalista, van a ver estos cambios y van a generar un política de wfh.;NA;NA;NA;NA;NA;NA;NA;NA;Sí;Sí
2020-03-23T16:50:27Z;Argentina;NA;NA;NA;NA;Ciudad Autónoma de Buenos Aires;29;Mujer;Sí;Mejoró;No;Sí;Trabajar con gente en la oficina;Se mantiene igual de bien;Multinacional;Si;Tecnología en la Banca;Entre 51% y un 80%;Zoom, Skype/Microsoft Teams, Slack, WhatsApp;Sólo para comer;Te vestís como para ir a trabajar normalmente;Si;Planifico todas las tareas del día;Prefiero un ambiente en silencio;Sí, todo el tiempo;No;Sí;Creo que muchas veces trabajando desde casa se es mas productivo y hay mucho laburo que no necesita estar en una oficina siempre tengas un equipo responsable;NA;NA;NA;NA;NA;NA;NA;NA;Sí;Sí
2020-03-24T10:37:48Z;Argentina;NA;NA;NA;NA;Ciudad Autónoma de Buenos Aires;33;Hombre;Sí;Sigue igual;Sí;Sí;Trabajar desde un bar/café;Tuvimos que hacer ajustes pero va bien;Nacional;Si;Servicios Financieros;Entre 51% y un 80%;Skype/Microsoft Teams, Mail, WhatsApp, Red social interna (Yammer/Workplace);Sí;Te ponés lo primero que encontrás;No, trabajo más horas;Me pongo uno o dos objetivos nada más;Prefiero un ambiente en silencio;A veces;Tal vez;Tal vez;"Creo que la forma de trabajo ya cambió y espero que vaya acompañado con la evolución de nuestro modelo mental.
Me parece que temas como responsabilidad, compromiso,  propósito y propuesta de valor en este contexto  tienen mayor protagonismo.";NA;NA;NA;NA;NA;NA;NA;NA;Sí;Sí
2020-03-24T10:59:30Z;Argentina;NA;NA;NA;NA;Córdoba;33;Mujer;Sí;Sigue igual;No;No;Trabajar con gente en la oficina;Tuvimos que hacer ajustes pero va bien;Multinacional;Si;Industrial;Entre un 10% y un 30%;Zoom, Skype/Microsoft Teams, Mail, WhatsApp;Sí;Te ponés lo primero que encontrás;Si;Voy viendo según el día;Pongo música/radio;A veces;No;Tal vez;"Muchas empresas que se resistían al homeoffice han probado esta metodología con éxito.
En mi empresa muchas áreas se han sorprendido con esta propuesta";NA;NA;NA;NA;NA;NA;NA;NA;Sí;Sí
2020-03-24T14:24:17Z;Argentina;NA;NA;NA;NA;Mendoza;33;Mujer;Sí;Mejoró;Sí;No;Trabajar con gente en la oficina;Se mantiene igual de bien;Empresa Estatal;Si;Gubernamental;Menos del 10%;WhatsApp;Sí;Te ponés lo primero que encontrás;No, trabajo menos horas;Me pongo uno o dos objetivos nada más;Pongo música/radio;A veces;No;Sí;NA;NA;NA;NA;NA;NA;NA;NA;NA;Sí;Sí
2020-03-24T14:28:34Z;Argentina;NA;NA;NA;NA;Mendoza;29;Mujer;Sí;Sigue igual;Sí;Sí;Trabajar con gente en la oficina;Tuvimos que hacer ajustes pero va bien;Nacional;Si;Desarrollo de software y consultoria;Entre un 10% y un 30%;Skype/Microsoft Teams, WhatsApp;Sí;Te vestís como para ir a trabajar normalmente;Si;Planifico todas las tareas del día;Pongo música/radio;Sí, todo el tiempo;Sí;Sí;La mayoría de las empresas del conocimiento se vieron en la necesidad de adaptar sus puestos al teletrabajo, si se cuenta con personas responsables y comprometidas,será la gran oportunidad de mostrar que  se puede trabajar perfectamente desde casa y que hay beneficios para el empleador que se hacen evidentes.;NA;NA;NA;NA;NA;NA;NA;NA;Sí;Sí
2020-03-25T10:01:26Z;Argentina;NA;NA;NA;NA;Ciudad Autónoma de Buenos Aires;35;Mujer;Sí;Sigue igual;No;Sí;Trabajar desde tu casa;Se mantiene igual de bien;Multinacional;Si;tecnologia;Más del 80%;Skype/Microsoft Teams, Mail, WhatsApp;Sí;Te ponés lo primero que encontrás;Si;Planifico todas las tareas del día;Pongo música/radio;A veces;Tal vez;Sí;Las empresas necesitan reinventarse para lograr un mejor equilibrio entre la vida de las personas y los requerimientos que demanda el trabajo.;NA;NA;NA;NA;NA;NA;NA;NA;Sí;Sí
2020-03-25T11:40:30Z;Argentina;NA;NA;NA;NA;Córdoba;25;Hombre;Sí;Mejoró;No;No;Trabajar con gente en la oficina;Tuvimos que hacer ajustes pero va bien;Empresa Estatal;Si;Dirección estadística;Menos del 10%;Mail, WhatsApp;Sí;Te ponés lo primero que encontrás;No, trabajo menos horas;Me pongo uno o dos objetivos nada más;Pongo música/radio;A veces;No;Tal vez;NA;NA;NA;NA;NA;NA;NA;NA;NA;No;No
2020-03-29T13:17:50Z;Argentina;NA;NA;NA;NA;Ciudad Autónoma de Buenos Aires;35;Mujer;Sí;Sigue igual;No;Sí;Trabajar con gente en la oficina;Se mantiene igual de bien;Nacional;Si;Tecnologia;Entre 31% y el 50%;Zoom, Hangouts/Google Meet, Slack, WhatsApp, Asana;Sí;Sólo te preocupas de lo que te ponés de la cintura para arriba;No, trabajo más horas;Planifico todas las tareas del día;Prefiero un ambiente en silencio;Sí, todo el tiempo;No;Sí;Muchos entenderán que el teletrabajo es posible, aunque el riesgo es que por haberlo tenido que implementar obligatoriamente, la experiencia haya sido negativa y solo logren reforzar lo que venían pensando antes: que el trabajo en la oficina al 100% es lo mejor para sus compañías.;NA;NA;NA;NA;NA;NA;NA;NA;Sí;Sí
2020-03-30T14:29:15Z;Argentina;NA;NA;NA;NA;Buenos Aires;22;Hombre;Sí;Sigue igual;No;No;Trabajar desde tu casa;Se mantiene igual de bien;Multinacional;Si;IT;Más del 80%;Zoom, Hangouts/Google Meet, Skype/Microsoft Teams, Slack, Mail, WhatsApp;Sí;Sólo te preocupas de lo que te ponés de la cintura para arriba;Si;Planifico todas las tareas del día;Prefiero un ambiente en silencio;Sí, todo el tiempo;No;Sí;Se esta comprobando que el home office es mucho mas beneficioso, tanto para el empleado como el empleador y creo que, gracias a esto, los empleadores van a permitir que el home office se lleve a cabo. De todas formas, existen muchas empresas que, por lo visto hasta ahora, siguen pensando que el home office no es beneficioso, por lo tanto no todas las empresas van a seguir esta tendencia.;NA;NA;NA;NA;NA;NA;NA;NA;No;No
2020-04-01T00:12:32Z;Argentina;NA;NA;NA;NA;Ciudad Autónoma de Buenos Aires;31;Mujer;Sí;Mejoró;No;No;Trabajar con gente en la oficina;Es mucho peor;Multinacional;Si;Seguridad;Menos del 10%;Skype/Microsoft Teams, Mail, WhatsApp;No;Te ponés lo primero que encontrás;No, trabajo más horas;Planifico todas las tareas del día;Prefiero un lugar donde circule gente;A veces;Tal vez;Sí;Se desmitificaria el hecho de que trabajar desde tu casa, se trabaja más que estando en la oficina. Aunque falta respetar balance vida trabajo. Se mal interpreta el hecho de porque estas en tu casa. Estas 24 hs conectado. Falta respeto;NA;NA;NA;NA;NA;NA;NA;NA;Sí;Sí
2020-04-01T10:49:33Z;Argentina;NA;NA;NA;NA;Ciudad Autónoma de Buenos Aires;25;Hombre;Sí;Mejoró;No;Sí;Trabajar desde tu casa;Se mantiene igual de bien;Multinacional;Si;Data Analytics;Entre un 10% y un 30%;Zoom, Hangouts/Google Meet, Slack, WhatsApp;Sí;Sólo te preocupas de lo que te ponés de la cintura para arriba;No, trabajo más horas;Me pongo uno o dos objetivos nada más;Pongo música/radio;Sí, todo el tiempo;Sí;Tal vez;Al ver que la productividad, no bajo, creo que puede ser un primer paso para poder trabajar mas cómodos, de manera remota;NA;NA;NA;NA;NA;NA;NA;NA;Sí;No
2020-04-01T14:40:06Z;Argentina;NA;NA;NA;NA;Ciudad Autónoma de Buenos Aires;36;Hombre;Sí;Sigue igual;Sí;Sí;Trabajar con gente en la oficina;Tuvimos que hacer ajustes pero va bien;Nacional;Si;Sistemas;Menos del 10%;Zoom, Hangouts/Google Meet, Slack, Mail, WhatsApp;Sí;Te ponés lo primero que encontrás;No, trabajo más horas;Me pongo uno o dos objetivos nada más;Pongo música/radio;Nunca;No;Sí;Las costumbres, los criterios de limpieza, la forma de interactuar socialmente, el medio de viaje, todo. Este cambio atraviesa a toda la sociedad y vamos a tener que repensar muchas cosas.;NA;NA;NA;NA;NA;NA;NA;NA;Sí;Sí
2020-04-05T23:20:26Z;Argentina;NA;NA;NA;NA;Buenos Aires;37;Mujer;Sí;Mejoró;Sí;No;Trabajar desde tu casa;Se mantiene igual de bien;Nacional;Si;Servicio Tecnico;Menos del 10%;WhatsApp;Sí;Sólo te preocupas de lo que te ponés de la cintura para arriba;No, trabajo más horas;Planifico todas las tareas del día;Pongo música/radio;A veces;No;No;En mi caso no creo que cambie porque en la empresa que trabajo consideran que el trabajo remoto es incomprobable y prefieren vernos en la oficina. Aunque yo puedo realizar mi trabajo 100% de forma remota, esto de la cuarentena no les cayó nada bien.;NA;NA;NA;NA;NA;NA;NA;NA;No;No
2020-04-06T11:29:04Z;Argentina;NA;NA;NA;NA;Córdoba;31;Hombre;Sí;Sigue igual;No;No;Trabajar desde tu casa;Tuvimos que hacer ajustes pero va bien;Multinacional;Si;Servicios;Menos del 10%;Zoom, WhatsApp, Outlook;Sólo para comer;Te ponés lo primero que encontrás;Si;Voy viendo según el día;Pongo música/radio;A veces;Tal vez;Sí;NA;NA;NA;NA;NA;NA;NA;NA;NA;Sí;Sí
2020-04-06T11:31:37Z;Argentina;NA;NA;NA;NA;Ciudad Autónoma de Buenos Aires;37;Mujer;Sí;Mejoró;No;No;Trabajar desde tu casa;Se mantiene igual de bien;Nacional;Si;Obra social;Menos del 10%;Mail, WhatsApp;Sí;Te vestís como para ir a trabajar normalmente;Si;Me pongo uno o dos objetivos nada más;Pongo música/radio;A veces;Sí;Tal vez;"Quizá se den cuenta que se abaratan costos (luz, insumos, etc) y se eleva la productividad. Y que hay trabajo que puede realizarse igual a distancia y no lo pensaron antes.
Mucho trabajo en papel deberia tender a digitalizarse.";NA;NA;NA;NA;NA;NA;NA;NA;Sí;Sí
2020-04-06T11:34:06Z;Argentina;NA;NA;NA;NA;Buenos Aires;28;Hombre;Sí;Mejoró;No;Sí;Trabajar desde tu casa;Se mantiene igual de bien;Emprendimiento personal;Si;Servicios educación de oficio;Entre un 10% y un 30%;Discord;Sí;Te ponés lo primero que encontrás;No, trabajo menos horas;Me pongo uno o dos objetivos nada más;Pongo música/radio;A veces;Sí;Sí;Los trabajos se van a flexibilizar porque es más barato y rentable que tener que poner el lugar para algunos servicios más allá que al plantear objetivos el trabajador casos trabaja más que la cantidad de horas estipuladas en un trabajo normal;NA;NA;NA;NA;NA;NA;NA;NA;Sí;No
2020-04-06T11:55:46Z;Argentina;NA;NA;NA;NA;Ciudad Autónoma de Buenos Aires;26;Hombre;Sí;Sigue igual;No;No;Trabajar desde tu casa;Tuvimos que hacer ajustes pero va bien;Multinacional;Si;Bancario;Menos del 10%;Skype/Microsoft Teams, Mail, WhatsApp;Sí;Te ponés lo primero que encontrás;Si;Voy viendo según el día;Pongo música/radio;A veces;No;Sí;El tener que implementar esta modalidad de forma obligada, les permitió observar a los directivos que la operación/trabajo puede seguir funcionando de igual manera, eso invita a plantear la discusión de implementarlo en lugares donde no existía. lo malo, es que al haber mucha baja en la demanda de labor, puede que hayan quedado muchos tiempos muertos en algunos sectores, confundiendo un poco las cosas! Sin dudas una oportunidad de demostrar para aquellos que lo vienen pidiendo!;NA;NA;NA;NA;NA;NA;NA;NA;Sí;No
2020-04-06T12:12:31Z;Argentina;NA;NA;NA;NA;Ciudad Autónoma de Buenos Aires;24;Mujer;Sí;Mejoró;No;No;Trabajar desde tu casa;Tuvimos que hacer ajustes pero va bien;Multinacional;Si;Tecnología;Entre 31% y el 50%;Zoom, Skype/Microsoft Teams, Mail, WhatsApp;Sólo para comer;Sólo te preocupas de lo que te ponés de la cintura para arriba;Si;Voy viendo según el día;Pongo música/radio;A veces;No;Sí;NA;NA;NA;NA;NA;NA;NA;NA;NA;Sí;No
2020-04-06T12:21:10Z;Argentina;NA;NA;NA;NA;Buenos Aires;28;Mujer;Sí;Sigue igual;No;Sí;Trabajar desde tu casa;Se mantiene igual de bien;Multinacional;Si;Automotriz;Entre un 10% y un 30%;Zoom, Skype/Microsoft Teams, Mail, Red social interna (Yammer/Workplace);Sí;Te ponés lo primero que encontrás;Si;Voy viendo según el día;Pongo música/radio;A veces;Sí;Sí;NA;NA;NA;NA;NA;NA;NA;NA;NA;Sí;No
2020-04-06T12:21:25Z;Argentina;NA;NA;NA;NA;Ciudad Autónoma de Buenos Aires;26;Hombre;Sí;Sigue igual;No;No;Trabajar desde tu casa;Tuvimos que hacer ajustes pero va bien;Nacional;Si;Tecologia;Entre un 10% y un 30%;Zoom, Slack, WhatsApp;Sí;Te ponés lo primero que encontrás;No, trabajo más horas;Planifico todas las tareas del día;Pongo música/radio;Sí, todo el tiempo;No;Sí;La experiencia por fuerza mayor creo que a muchos le demostro que algo que no creian posible, lo es.;NA;NA;NA;NA;NA;NA;NA;NA;Sí;Sí
2020-04-06T12:35:23Z;Argentina;NA;NA;NA;NA;Ciudad Autónoma de Buenos Aires;23;Mujer;Sí;Sigue igual;No;No;Trabajar con gente en la oficina;Es mucho peor;Multinacional;Si;Contact center;Menos del 10%;Mail, WhatsApp;Sí;Te ponés lo primero que encontrás;No, trabajo menos horas;Voy viendo según el día;Pongo música/radio;Sí, todo el tiempo;Tal vez;Tal vez;NA;NA;NA;NA;NA;NA;NA;NA;NA;No;No
2020-04-06T13:15:07Z;Argentina;NA;NA;NA;NA;Ciudad Autónoma de Buenos Aires;24;Mujer;Sí;Empeoró;No;No;Trabajar con gente en la oficina;Es mucho peor;Nacional;Si;Tecnología;Entre un 10% y un 30%;WhatsApp;Sí;Te vestís como para ir a trabajar normalmente;No, trabajo más horas;Me pongo uno o dos objetivos nada más;Pongo música/radio;Sí, todo el tiempo;No;Sí;NA;NA;NA;NA;NA;NA;NA;NA;NA;Sí;Sí
2020-04-06T13:31:09Z;Argentina;NA;NA;NA;NA;Ciudad Autónoma de Buenos Aires;24;Mujer;Sí;Mejoró;No;Sí;Trabajar desde tu casa;Se mantiene igual de bien;Nacional;Si;Proveedores de Recursos IT;Entre un 10% y un 30%;Zoom, Hangouts/Google Meet, Mail, WhatsApp;Sí;Te vestís como para ir a trabajar normalmente;No, trabajo menos horas;Planifico todas las tareas del día;Pongo música/radio;A veces;Tal vez;Sí;Ya se vio que es posible mantener las relaciones, los objetivos y la estructura tecnologica.;NA;NA;NA;NA;NA;NA;NA;NA;Sí;No
2020-04-06T13:32:22Z;Argentina;NA;NA;NA;NA;Ciudad Autónoma de Buenos Aires;28;Hombre;Sí;Sigue igual;No;No;Trabajar en un cowork;Tuvimos que hacer ajustes pero va bien;Nacional;Si;Consultoría;Menos del 10%;Zoom, Hangouts/Google Meet, Skype/Microsoft Teams, Slack, Mail, WhatsApp;Sí;Te ponés lo primero que encontrás;Si;Me pongo uno o dos objetivos nada más;Pongo música/radio;A veces;No;Tal vez;Es probable que otorguen el beneficio de home office.;NA;NA;NA;NA;NA;NA;NA;NA;Sí;Sí
2020-04-06T15:54:40Z;Argentina;NA;NA;NA;NA;Ciudad Autónoma de Buenos Aires;46;Mujer;Sí;Sigue igual;Sí;No;Trabajar desde tu casa;Tuvimos que hacer ajustes pero va bien;Nacional;Si;estado;Menos del 10%;Mail, WhatsApp;Sí;Te vestís como para ir a trabajar normalmente;No, trabajo más horas;Planifico todas las tareas del día;Pongo música/radio;A veces;Tal vez;Sí;"Creo que se va a revisar la ""necesidad"" de cumplir horarios en el estado, deberia replanterase la eficiencia por sobre calentar sillas en oficinas.";NA;NA;NA;NA;NA;NA;NA;NA;Sí;Sí
2020-04-06T16:09:11Z;Argentina;NA;NA;NA;NA;Ciudad Autónoma de Buenos Aires;48;Hombre;Sí;Sigue igual;Sí;No;Trabajar con gente en la oficina;Se mantiene igual de bien;Nacional;Si;Energia;Menos del 10%;Zoom, Skype/Microsoft Teams, WhatsApp, Kaizala;Sí;Sólo te preocupas de lo que te ponés de la cintura para arriba;No, trabajo más horas;Planifico todas las tareas del día;Pongo música/radio;A veces;Sí;Sí;Muchas directivos de empresas pensaban que las personas desde sus casas no serían eficientes...claramente esta situación no es la ideal para mejorar productividad ni números dadas las recesiones causadas por la pandemia...pero las personas trabajando cómodas suelen ser MAS eficientes y productivas.;NA;NA;NA;NA;NA;NA;NA;NA;Sí;Sí
2020-04-06T16:17:29Z;Argentina;NA;NA;NA;NA;Salta;36;Mujer;Sí;Empeoró;Sí;No;Trabajar desde un bar/café;Se mantiene igual de bien;Empresa Estatal;Si;Seguridad;Menos del 10%;Zoom, Mail, WhatsApp;Sí;Sólo te preocupas de lo que te ponés de la cintura para arriba;No, trabajo más horas;Voy viendo según el día;Pongo música/radio;Sí, todo el tiempo;No;Sí;Considero que hay empresas que verán mayor productividad respecto al modelo tradicional de trabajo, por lo tanto, seguramente se replantearán continuar con esta modalidad;NA;NA;NA;NA;NA;NA;NA;NA;Sí;Sí
2020-04-06T16:45:46Z;Argentina;NA;NA;NA;NA;Ciudad Autónoma de Buenos Aires;37;Mujer;No;NA;NA;NA;NA;NA;NA;NA;NA;NA;NA;NA;NA;NA;NA;NA;NA;NA;NA;NA;No;No sé;No;No;Sí;Nacional;Legal;Si;Sí;Sí
2020-04-06T17:19:14Z;Argentina;NA;NA;NA;NA;Ciudad Autónoma de Buenos Aires;29;Mujer;Sí;Sigue igual;No;Sí;Trabajar con gente en la oficina;Se mantiene igual de bien;Nacional;Si;Industria;Entre un 10% y un 30%;Zoho meeting/cliq;Sólo para comer;Te ponés lo primero que encontrás;No, trabajo más horas;Voy viendo según el día;Pongo música/radio;Sí, todo el tiempo;No;Sí;Yo creo que se va a eliminar el pensamiento colectivo de que trabajar desde tu casa es un beneficio y se va a tomar más como una forma más de trabajar.;NA;NA;NA;NA;NA;NA;NA;NA;Sí;Sí
2020-04-06T17:23:59Z;Argentina;NA;NA;NA;NA;Ciudad Autónoma de Buenos Aires;26;Hombre;Sí;Mejoró;Sí;No;Trabajar desde tu casa;Tuvimos que hacer ajustes pero va bien;Empresa Estatal;Si;Banca;Menos del 10%;Zoom;No;Te ponés lo primero que encontrás;Si;Me pongo uno o dos objetivos nada más;Prefiero un ambiente en silencio;Nunca;Sí;Tal vez;La cultura de muchas organizaciónes aún es muy arcaica y a su vez los sindicatos y regulaciones laborales colaboran para que muchos empleadores se vean en la obligación de controlar.;NA;NA;NA;NA;NA;NA;NA;NA;Sí;No
2020-04-06T17:25:57Z;Argentina;NA;NA;NA;NA;Buenos Aires;29;Mujer;Sí;Empeoró;No;Sí;Trabajar con gente en la oficina;Tuvimos que hacer ajustes pero va bien;Multinacional;Si;Energía;Entre un 10% y un 30%;Skype/Microsoft Teams, Circuit;Sólo para comer;Te ponés lo primero que encontrás;No, trabajo más horas;Voy viendo según el día;Pongo música/radio;A veces;No;Tal vez;NA;NA;NA;NA;NA;NA;NA;NA;NA;No;No
2020-04-06T17:29:09Z;Argentina;NA;NA;NA;NA;Buenos Aires;46;Mujer;Sí;Empeoró;Sí;No;Trabajar con gente en la oficina;Tuvimos que hacer ajustes pero va bien;Empresa Estatal;Si;Educación;Menos del 10%;Skype/Microsoft Teams, Mail, WhatsApp;No;Te ponés lo primero que encontrás;No, trabajo más horas;Voy viendo según el día;Prefiero un ambiente en silencio;Nunca;No;No;NA;NA;NA;NA;NA;NA;NA;NA;NA;Sí;Sí
2020-04-06T18:52:15Z;Argentina;NA;NA;NA;NA;Córdoba;39;Hombre;Sí;Mejoró;Sí;No;Trabajar con gente en la oficina;Tuvimos que hacer ajustes pero va bien;Nacional;Si;Alimentacion;Menos del 10%;Zoom, Mail, WhatsApp, Red social interna (Yammer/Workplace);Sólo para comer;Te ponés lo primero que encontrás;No, trabajo más horas;Planifico todas las tareas del día;Prefiero un ambiente en silencio;Nunca;No;Sí;Las empresas se van a dar cuenta del.ahorro de costos en espacios, logistica,consumo en planta etc y de la mayor productividad de quienes hacen home office;NA;NA;NA;NA;NA;NA;NA;NA;Sí;Sí
2020-04-06T18:58:33Z;Argentina;NA;NA;NA;NA;Mendoza;34;Mujer;Sí;Sigue igual;Sí;No;Trabajar desde tu casa;Se mantiene igual de bien;Nacional;Si;Consultora;Entre 51% y un 80%;Skype/Microsoft Teams, WhatsApp;Sí;Sólo te preocupas de lo que te ponés de la cintura para arriba;Si;Me pongo uno o dos objetivos nada más;Pongo música/radio;A veces;Tal vez;Sí;Antes de la pandemia existía una profunda duda y resistencia al homeoffice, teniéndolo cómo una carta para la retención del empleado, ya no será algo a ganar....;NA;NA;NA;NA;NA;NA;NA;NA;Sí;Sí
2020-04-06T19:00:05Z;Argentina;NA;NA;NA;NA;Ciudad Autónoma de Buenos Aires;42;Hombre;Sí;Empeoró;Sí;Sí;Trabajar con gente en la oficina;Se mantiene igual de bien;Multinacional;Si;petroleo;Entre un 10% y un 30%;Skype/Microsoft Teams;Sí;Te ponés lo primero que encontrás;Si;Voy viendo según el día;Pongo música/radio;A veces;No;No;En 12 meses nos vamos a olvidar de este momento;NA;NA;NA;NA;NA;NA;NA;NA;No;No
2020-04-06T19:40:52Z;Argentina;NA;NA;NA;NA;Ciudad Autónoma de Buenos Aires;24;Mujer;Sí;Mejoró;No;No;Trabajar desde tu casa;Tuvimos que hacer ajustes pero va bien;Nacional;Si;Bancario;Entre un 10% y un 30%;Zoom, Hangouts/Google Meet, Slack, Mail, WhatsApp, Red social interna (Yammer/Workplace);Sólo para comer;Te ponés lo primero que encontrás;No, trabajo más horas;Voy viendo según el día;Pongo música/radio;A veces;No;Sí;Creo que esta pandemia va a demostrar que la productividad no disminuye por hacer home office;NA;NA;NA;NA;NA;NA;NA;NA;No;No
2020-04-06T20:32:09Z;Argentina;NA;NA;NA;NA;Buenos Aires;57;Hombre;No;NA;NA;NA;NA;NA;NA;NA;NA;NA;NA;NA;NA;NA;NA;NA;NA;NA;NA;NA;Sí;Sí;Sí;No;Sí;PyME Nacional;fabricante de etiquetas para remedios y alimentos;Si;Sí;Sí
2020-04-06T20:32:57Z;Argentina;NA;NA;NA;NA;Buenos Aires;32;Mujer;Sí;Empeoró;Sí;No;Trabajar con gente en la oficina;Tuvimos que hacer ajustes pero va bien;Nacional;Si;Higiene Institucional;Menos del 10%;Skype/Microsoft Teams, Mail, WhatsApp;Sí;Te ponés lo primero que encontrás;No, trabajo más horas;Planifico todas las tareas del día;Prefiero un ambiente en silencio;Nunca;No;Sí;NA;NA;NA;NA;NA;NA;NA;NA;NA;Sí;Sí
2020-04-06T20:34:42Z;Argentina;NA;NA;NA;NA;Ciudad Autónoma de Buenos Aires;48;Mujer;Sí;Mejoró;Sí;No;Trabajar con gente en la oficina;Tuvimos que hacer ajustes pero va bien;Multinacional;Si;petrolera;Entre un 10% y un 30%;Zoom, Mail, WhatsApp;Sí;Te ponés lo primero que encontrás;No, trabajo más horas;Me pongo uno o dos objetivos nada más;Prefiero un ambiente en silencio;Sí, todo el tiempo;Tal vez;Tal vez;quizas haya mas dias con home office;NA;NA;NA;NA;NA;NA;NA;NA;Sí;No
2020-04-06T20:35:56Z;Paraguay;Asunción;39;Hombre;Sí;NA;NA;NA;NA;Sigue igual;Sí;No;Trabajar con gente en la oficina;Tuvimos que hacer ajustes pero va bien;Nacional;Si;Industrial;Menos del 10%;Zoom;Sí;Te ponés lo primero que encontrás;Si;Planifico todas las tareas del día;Pongo música/radio;Sí, todo el tiempo;No;Sí;Ya no vamos a poder estar tan cerca;NA;NA;NA;NA;NA;NA;NA;NA;Sí;Sí
2020-04-06T21:05:09Z;Argentina;NA;NA;NA;NA;Ciudad Autónoma de Buenos Aires;34;Mujer;Sí;Mejoró;No;Sí;Trabajar con gente en la oficina;Se mantiene igual de bien;Multinacional;Si;Tecnología;Más del 80%;Zoom, WhatsApp, Teams;Sólo para comer;Te vestís como para ir a trabajar normalmente;No, trabajo más horas;Me pongo uno o dos objetivos nada más;Prefiero un ambiente en silencio;A veces;No;Tal vez;Depende de los resultados que tenga cada empresa con esta modalidad y la productividad que haya demostrado.;NA;NA;NA;NA;NA;NA;NA;NA;Sí;Sí
2020-04-06T21:25:18Z;Argentina;NA;NA;NA;NA;Tucumán;40;Mujer;Sí;Sigue igual;Sí;Sí;Trabajar desde tu casa;Se mantiene igual de bien;Nacional;Si;Retail;Menos del 10%;Zoom, Skype/Microsoft Teams, Mail, WhatsApp;Sí;Te ponés lo primero que encontrás;No, trabajo más horas;Planifico todas las tareas del día;Pongo música/radio;A veces;Tal vez;Tal vez;NA;NA;NA;NA;NA;NA;NA;NA;NA;Sí;Sí
2020-04-06T21:29:23Z;Argentina;NA;NA;NA;NA;Tucumán;40;Mujer;No;NA;NA;NA;NA;NA;NA;NA;NA;NA;NA;NA;NA;NA;NA;NA;NA;NA;NA;NA;Sí;Sí;Sí;No;Sí;Nacional;Salud;Si;Sí;Sí
2020-04-06T21:30:33Z;Argentina;NA;NA;NA;NA;Tucumán;59;Hombre;No;NA;NA;NA;NA;NA;NA;NA;NA;NA;NA;NA;NA;NA;NA;NA;NA;NA;NA;NA;No;No;No;No;Sí;Nacional;Alimentación;Si;Sí;Sí
2020-04-06T21:30:54Z;Argentina;NA;NA;NA;NA;Tucumán;57;Hombre;No;NA;NA;NA;NA;NA;NA;NA;NA;NA;NA;NA;NA;NA;NA;NA;NA;NA;NA;NA;No;Sí;Sí;No;Sí;Empresa del Estado;Organismo fiscalizador;Si;Sí;Sí
2020-04-06T21:31:23Z;Argentina;NA;NA;NA;NA;Ciudad Autónoma de Buenos Aires;24;Mujer;Sí;Mejoró;No;Sí;Trabajar desde tu casa;Se mantiene igual de bien;Nacional;Si;desarrollo de software;Más del 80%;Zoom, Hangouts/Google Meet, Skype/Microsoft Teams, Slack, Mail;Sólo para comer;Te ponés lo primero que encontrás;No, trabajo más horas;Planifico todas las tareas del día;Pongo música/radio;Sí, todo el tiempo;Sí;Sí;Creo que si la productividad en general se mantuvo seria conveniente para la empresa ya que reduciria gastos fijos y los empleados estarian mas felices;NA;NA;NA;NA;NA;NA;NA;NA;Sí;Sí
2020-04-06T21:41:43Z;Argentina;NA;NA;NA;NA;Tucumán;39;Prefiero no decirlo;Sí;Mejoró;No;No;Trabajar en un cowork;Tuvimos que hacer ajustes pero va bien;Empresa Estatal;Si;NA;Menos del 10%;WhatsApp;Sí;Te ponés lo primero que encontrás;No, trabajo menos horas;Voy viendo según el día;Prefiero un ambiente en silencio;A veces;No;Tal vez;NA;NA;NA;NA;NA;NA;NA;NA;NA;No;No
2020-04-06T21:49:33Z;Argentina;NA;NA;NA;NA;Tucumán;58;Hombre;Sí;Mejoró;Sí;Sí;Trabajar desde tu casa;Se mantiene igual de bien;Nacional;Si;Capacitación;Menos del 10%;Zoom, Skype/Microsoft Teams, WhatsApp;Sólo para comer;Sólo te preocupas de lo que te ponés de la cintura para arriba;No, trabajo más horas;Planifico todas las tareas del día;Pongo música/radio;A veces;No;Sí;Porque voy a mantener presencial más home office;NA;NA;NA;NA;NA;NA;NA;NA;Sí;No
2020-04-06T21:50:06Z;Argentina;NA;NA;NA;NA;Santa Fe;32;Mujer;Sí;Mejoró;No;No;Trabajar desde tu casa;Se mantiene igual de bien;Nacional;Si;Construcción;Menos del 10%;Zoom, Mail, WhatsApp;Sí;Sólo te preocupas de lo que te ponés de la cintura para arriba;No, trabajo más horas;Planifico todas las tareas del día;Prefiero un ambiente en silencio;Nunca;Sí;Sí;Creo que va a servir mucho el pensamiento que había sobre el home office. Cuando tenes un. Une equipo de trabajo, la persona rinde en cualq lado y sino no tiene q formar parte de tu trabajo;NA;NA;NA;NA;NA;NA;NA;NA;Sí;Sí
2020-04-06T21:59:21Z;Argentina;NA;NA;NA;NA;Tucumán;50;Hombre;Sí;Mejoró;Sí;No;Trabajar desde tu casa;Tuvimos que hacer ajustes pero va bien;Nacional;Si;Industria Metalurgica;Menos del 10%;Mail, WhatsApp, Teams;Sí;Te vestís como para ir a trabajar normalmente;No, trabajo más horas;Planifico todas las tareas del día;Pongo música/radio;A veces;Tal vez;Tal vez;Depende de la cultura y la organización. En particular nosotros veníamos tratando de implementar home office y esto nos ayuda.;NA;NA;NA;NA;NA;NA;NA;NA;Sí;No
2020-04-06T22:04:20Z;Argentina;NA;NA;NA;NA;Tucumán;42;Mujer;Sí;Sigue igual;Sí;Sí;Trabajar desde tu casa;Se mantiene igual de bien;Nacional;Si;Seguros;Menos del 10%;Zoom, Skype/Microsoft Teams, Mail, WhatsApp;Sí;Sólo te preocupas de lo que te ponés de la cintura para arriba;No, trabajo más horas;Planifico todas las tareas del día;Prefiero un lugar donde circule gente;A veces;Tal vez;Tal vez;Muchas cosas cambiarán. Desde el.orden mundial hasta las formas de trabajo y de educación;NA;NA;NA;NA;NA;NA;NA;NA;Sí;Sí
2020-04-06T22:06:36Z;Argentina;NA;NA;NA;NA;Buenos Aires;36;Mujer;Sí;Sigue igual;Sí;No;Trabajar con gente en la oficina;Se mantiene igual de bien;Nacional;No;NA;NA;NA;NA;NA;NA;NA;NA;NA;NA;NA;NA;NA;NA;NA;NA;NA;NA;NA;NA;Sí;Sí
2020-04-06T22:22:16Z;Argentina;NA;NA;NA;NA;Chaco;48;Mujer;Sí;Sigue igual;Sí;Sí;Trabajar desde tu casa;Se mantiene igual de bien;Nacional;Si;Retail;Menos del 10%;Mail, WhatsApp, Red social interna (Yammer/Workplace);Sí;Te ponés lo primero que encontrás;Si;Planifico todas las tareas del día;Pongo música/radio;A veces;No;Sí;Si cambiará la relación con el equipo de trabajo la necesidad de estar conectados y no tengo posibilidad de hacer zoom ,pero lo propondria para hacer talleres, reuniones muy buena práctica para estar todos juntos;NA;NA;NA;NA;NA;NA;NA;NA;Sí;Sí
2020-04-06T22:40:04Z;Paraguay;Asunción;41;Mujer;Sí;NA;NA;NA;NA;Sigue igual;Sí;No;Trabajar desde tu casa;Tuvimos que hacer ajustes pero va bien;Nacional;Si;Seguros;Menos del 10%;Zoom, Mail, WhatsApp;Sí;Te ponés lo primero que encontrás;No, trabajo menos horas;Planifico todas las tareas del día;Prefiero un ambiente en silencio;Nunca;Sí;Tal vez;Siempre que el empleador tenga los resultados deseados podría ser una opción el trabajo desde casa eso sin considerar los gastos fijos (luz teléfono agua) que son transferidos al trabajador;NA;NA;NA;NA;NA;NA;NA;NA;Sí;Sí
2020-04-07T00:02:24Z;Argentina;NA;NA;NA;NA;Chaco;41;Mujer;Sí;Mejoró;Sí;Sí;Trabajar desde tu casa;Se mantiene igual de bien;Emprendimiento personal;Si;Servicios de consultoría;Más del 80%;Zoom, Skype/Microsoft Teams, WhatsApp;Sí;Te ponés lo primero que encontrás;No, trabajo menos horas;Planifico todas las tareas del día;Pongo música/radio;A veces;Sí;No;Mi trabajo es remoto;NA;NA;NA;NA;NA;NA;NA;NA;Sí;Sí
2020-04-07T00:02:54Z;Argentina;NA;NA;NA;NA;Buenos Aires;22;Hombre;Sí;Sigue igual;No;Sí;Trabajar desde tu casa;Tuvimos que hacer ajustes pero va bien;Multinacional;Si;Farmaceutica;Entre 31% y el 50%;Zoom, Skype/Microsoft Teams, Mail, WhatsApp, Red social interna (Yammer/Workplace);Sólo para comer;Te ponés lo primero que encontrás;No, trabajo más horas;Voy viendo según el día;Pongo música/radio;Sí, todo el tiempo;No;Sí;Se demuestra que muchas veces no es necesaria la presencia de personas para ciertos procesos;NA;NA;NA;NA;NA;NA;NA;NA;No;Sí
2020-04-07T00:12:24Z;Argentina;NA;NA;NA;NA;Ciudad Autónoma de Buenos Aires;49;Hombre;Sí;Mejoró;No;No;Trabajar en un cowork;Tuvimos que hacer ajustes pero va bien;Nacional;Si;Salud;Entre 31% y el 50%;Hangouts/Google Meet, Skype/Microsoft Teams, Slack, Mail, WhatsApp, Red social interna (Yammer/Workplace);Sí;Sólo te preocupas de lo que te ponés de la cintura para arriba;No, trabajo menos horas;Me pongo uno o dos objetivos nada más;Pongo música/radio;Sí, todo el tiempo;Tal vez;Sí;"Van a cambiar las formas; porque se racionalizará que el Teletrabajo, sirve para dismunuir costos operativos";NA;NA;NA;NA;NA;NA;NA;NA;Sí;Sí
2020-04-07T00:43:55Z;Argentina;NA;NA;NA;NA;Corrientes;35;Hombre;Sí;Sigue igual;No;Sí;Trabajar en un cowork;Se mantiene igual de bien;Emprendimiento personal;Si;Asistencia educativa;NA;Hangouts/Google Meet, Mail, WhatsApp, Red social interna (Yammer/Workplace);Sí;Te ponés lo primero que encontrás;Si;Voy viendo según el día;Prefiero un ambiente en silencio;Nunca;Sí;No;NA;NA;NA;NA;NA;NA;NA;NA;NA;Sí;No
2020-04-07T01:03:48Z;Argentina;NA;NA;NA;NA;Ciudad Autónoma de Buenos Aires;35;Mujer;Sí;Empeoró;Sí;Sí;Trabajar con gente en la oficina;Se mantiene igual de bien;Multinacional;Si;Industria;Entre 51% y un 80%;Skype/Microsoft Teams, Mail, WhatsApp;Sólo para comer;Te ponés lo primero que encontrás;No, trabajo más horas;Voy viendo según el día;Pongo música/radio;A veces;Tal vez;Tal vez;Se pueden repensar procesos e interacciones. Incrementar la frecuencia de home office para todos, también como alternativa para generar ahorros;NA;NA;NA;NA;NA;NA;NA;NA;Sí;Sí
2020-04-07T08:29:42Z;Colombia;Bogotá;50;Mujer;Sí;NA;NA;NA;NA;Mejoró;Sí;No;Trabajar desde tu casa;Tuvimos que hacer ajustes pero va bien;Empresa Estatal;Si;Educación;Entre un 10% y un 30%;Zoom, Skype/Microsoft Teams, Mail, WhatsApp;Sí;Te ponés lo primero que encontrás;No, trabajo más horas;Planifico todas las tareas del día;Pongo música/radio;A veces;No;Sí;Más opciones de teletrabajo;NA;NA;NA;NA;NA;NA;NA;NA;Sí;Sí
2020-04-07T08:43:59Z;Argentina;NA;NA;NA;NA;Entre Ríos;46;Hombre;Sí;Mejoró;No;Sí;Trabajar desde tu casa;Se mantiene igual de bien;Multinacional;Si;Bancario;Menos del 10%;Zoom, Hangouts/Google Meet, Skype/Microsoft Teams, Mail, WhatsApp;Sólo para comer;Te vestís como para ir a trabajar normalmente;Si;Planifico todas las tareas del día;Pongo música/radio;A veces;Sí;Sí;NA;NA;NA;NA;NA;NA;NA;NA;NA;Sí;Sí
2020-04-07T08:54:37Z;Argentina;NA;NA;NA;NA;Tucumán;42;Mujer;Sí;Sigue igual;Sí;No;Trabajar con gente en la oficina;Tuvimos que hacer ajustes pero va bien;Nacional;Si;Agroindustrial;Menos del 10%;Slack, Mail, WhatsApp;Sólo para comer;Sólo te preocupas de lo que te ponés de la cintura para arriba;No, trabajo más horas;Voy viendo según el día;Prefiero un lugar donde circule gente;A veces;No;Tal vez;Tal vez, porque va a depender de cada persona con su granito de arena que contribuirá al logro y éxito de la empresa en la que trabaja, ademas también dependerá de que sensación y sentimientos encontrados le genero esta crisis y eso lo llevara a actuar .;NA;NA;NA;NA;NA;NA;NA;NA;Sí;Sí
2020-04-07T09:01:38Z;Argentina;NA;NA;NA;NA;Corrientes;29;Mujer;Sí;Sigue igual;No;No;Trabajar con gente en la oficina;Tuvimos que hacer ajustes pero va bien;Nacional;Si;NA;Menos del 10%;Zoom, Mail, WhatsApp;Sólo para comer;Te ponés lo primero que encontrás;Si;Planifico todas las tareas del día;Pongo música/radio;Nunca;No;Tal vez;NA;NA;NA;NA;NA;NA;NA;NA;NA;Sí;No
2020-04-07T09:05:32Z;Argentina;NA;NA;NA;NA;Corrientes;29;Hombre;Sí;Mejoró;No;No;Trabajar con gente en la oficina;Se mantiene igual de bien;Nacional;Si;Transporte;Menos del 10%;Zoom, Hangouts/Google Meet, Mail, WhatsApp;Sólo para comer;Sólo te preocupas de lo que te ponés de la cintura para arriba;Si;Planifico todas las tareas del día;Pongo música/radio;A veces;No;Sí;El home office era una modalidad desconocida y vista como “holgazanería” por el empresariado. Muchas empresas se vieron forzados a implementarlo pero a pesar de eso está experiencia demostrara su eficacia y se quedará como modalidad definitiva en muchas empresas;NA;NA;NA;NA;NA;NA;NA;NA;Sí;Sí
2020-04-07T09:05:45Z;Argentina;NA;NA;NA;NA;Salta;47;Mujer;Sí;Sigue igual;Sí;No;Trabajar desde tu casa;Tuvimos que hacer ajustes pero va bien;Nacional;Si;Refinación y Transporte;Menos del 10%;Slack;Sólo para comer;Sólo te preocupas de lo que te ponés de la cintura para arriba;Si;Planifico todas las tareas del día;Prefiero un ambiente en silencio;A veces;NA;Tal vez;Habrá un cambio cultural y una expectativa del colaborador a poder resolver determinadas cuestiones hoy sin respuesta desde el home office;NA;NA;NA;NA;NA;NA;NA;NA;Sí;No
2020-04-07T09:11:53Z;Argentina;NA;NA;NA;NA;Tucumán;30;Mujer;Sí;Mejoró;No;No;Trabajar con gente en la oficina;Tuvimos que hacer ajustes pero va bien;Nacional;Si;Comercial;Menos del 10%;Zoom, Skype/Microsoft Teams, Mail, WhatsApp;Sí;Te ponés lo primero que encontrás;No, trabajo menos horas;Planifico todas las tareas del día;Pongo música/radio;Nunca;No;Sí;Trabajaremos más en equipo y por objetivos;NA;NA;NA;NA;NA;NA;NA;NA;Sí;Sí
2020-04-07T09:12:05Z;Argentina;NA;NA;NA;NA;Chaco;36;Hombre;Sí;Sigue igual;Sí;No;Trabajar con gente en la oficina;Se mantiene igual de bien;Nacional;Si;RRHH;Menos del 10%;Mail, WhatsApp;Sí;Te vestís como para ir a trabajar normalmente;Si;Planifico todas las tareas del día;Pongo música/radio;Nunca;Tal vez;Sí;Por que es una crisis mundial y la economía se está cayendo.;NA;NA;NA;NA;NA;NA;NA;NA;Sí;No
2020-04-07T09:14:22Z;Argentina;NA;NA;NA;NA;Tucumán;29;Mujer;No;NA;NA;NA;NA;NA;NA;NA;NA;NA;NA;NA;NA;NA;NA;NA;NA;NA;NA;NA;Sí;Sí;Sí;No;NA;PyME Nacional;Alimentos;Si;Sí;Sí
2020-04-07T09:16:42Z;Argentina;NA;NA;NA;NA;Chaco;34;Mujer;Sí;Mejoró;Sí;No;Trabajar desde tu casa;Se mantiene igual de bien;Nacional;Si;Transporte;Menos del 10%;Mail, WhatsApp, Red social interna (Yammer/Workplace);Sí;Te vestís como para ir a trabajar normalmente;Si;Planifico todas las tareas del día;Pongo música/radio;Nunca;Sí;Sí;NA;NA;NA;NA;NA;NA;NA;NA;NA;Sí;Sí
2020-04-07T09:19:29Z;Argentina;NA;NA;NA;NA;Chaco;23;Hombre;Sí;Mejoró;No;No;Trabajar desde tu casa;Tuvimos que hacer ajustes pero va bien;Nacional;Si;Transporte;Menos del 10%;Hangouts/Google Meet, Mail, WhatsApp;Sí;Te ponés lo primero que encontrás;Si;Planifico todas las tareas del día;Pongo música/radio;Nunca;Sí;Tal vez;Definitivamente creo que ciertos aspectos van a cambiar pasada la crisis, sobre todo en cuanto a organización del trabajo. Sin embargo, no puedo afirmar con certezas que se hagan cambios radicales como por ejemplo la incorporación definitiva de Home Office como una modalidad más de trabajo en la organización.;NA;NA;NA;NA;NA;NA;NA;NA;Sí;Sí
2020-04-07T09:27:28Z;Argentina;NA;NA;NA;NA;Ciudad Autónoma de Buenos Aires;37;Hombre;Sí;Empeoró;Sí;No;Trabajar desde un bar/café;Tuvimos que hacer ajustes pero va bien;Multinacional;Si;Seguros;Entre un 10% y un 30%;Zoom, Hangouts/Google Meet, WhatsApp;Sí;Te ponés lo primero que encontrás;No, trabajo más horas;Me pongo uno o dos objetivos nada más;Pongo música/radio;A veces;Tal vez;Sí;Obligó a líderes a aceptar el paradigma de Home Office. También modificará la forma de relacionarse con los demás, solo generando reuniones necesarias y fomentando las herramientas virtuales;NA;NA;NA;NA;NA;NA;NA;NA;Sí;Sí
2020-04-07T09:35:51Z;Argentina;NA;NA;NA;NA;Corrientes;55;Mujer;Sí;Sigue igual;Sí;Sí;Trabajar desde tu casa;Se mantiene igual de bien;Nacional;Si;Educación;Entre un 10% y un 30%;Mail, WhatsApp;Sí;Te vestís como para ir a trabajar normalmente;Si;Planifico todas las tareas del día;Prefiero un ambiente en silencio;A veces;No;No;"Creo que el cambio de formas, hoy, es ""obligatorio"" y todo el mundo lo debe hacer. Eso, no quiere decir que se esté haciendo un trabajo eficiente. 
Esta adopción de forma de trabajo requiere formación y  mucha, convencimiento y compromiso, 
Es probable que en algunos lugares (empresas o tareas) haya llegado para quedarse pero no sé por qué lo pienso así, estarán deseosos de que termine la cuarentena para volver a lo mismo. ¡ojalá que muchos adopten esta forma de trabajo como un ""trabajo más eficiente y menos alienante""";NA;NA;NA;NA;NA;NA;NA;NA;Sí;Sí
2020-04-07T09:38:45Z;Argentina;NA;NA;NA;NA;Buenos Aires;38;Hombre;Sí;Sigue igual;Sí;Sí;Trabajar con gente en la oficina;Tuvimos que hacer ajustes pero va bien;Nacional;Si;Importadora y comercializadora de repuestos de motos;Menos del 10%;Skype/Microsoft Teams, Slack, Mail, WhatsApp, Zoho;Sí;Sólo te preocupas de lo que te ponés de la cintura para arriba;Si;Me pongo uno o dos objetivos nada más;Pongo música/radio;Nunca;No;Sí;Va a ser necesario contemplar nuevas politicas para tener en cuenta al empleado que hace home office y al que no.;NA;NA;NA;NA;NA;NA;NA;NA;Sí;Sí
2020-04-07T12:54:21Z;Argentina;NA;NA;NA;NA;Tucumán;26;Hombre;No;NA;NA;NA;NA;NA;NA;NA;NA;NA;NA;NA;NA;NA;NA;NA;NA;NA;NA;NA;No;Sí;Sí;No;Sí;Nacional;Supermercado;Si;Sí;Sí
2020-04-07T21:56:21Z;Argentina;NA;NA;NA;NA;Ciudad Autónoma de Buenos Aires;47;Mujer;Sí;Mejoró;Sí;No;Trabajar desde tu casa;Tuvimos que hacer ajustes pero va bien;Nacional;Si;Rrhh;Menos del 10%;Skype/Microsoft Teams, Mail, WhatsApp;Sí;Sólo te preocupas de lo que te ponés de la cintura para arriba;No, trabajo menos horas;Planifico todas las tareas del día;Prefiero un lugar donde circule gente;Sí, todo el tiempo;Sí;Sí;Porque ctodo va a cambiat y porque se puede;NA;NA;NA;NA;NA;NA;NA;NA;Sí;No
2020-04-07T22:08:46Z;Argentina;NA;NA;NA;NA;Ciudad Autónoma de Buenos Aires;35;Mujer;Sí;Mejoró;No;No;Trabajar desde tu casa;Se mantiene igual de bien;Nacional;Si;Software;Menos del 10%;Zoom, Hangouts/Google Meet, Mail, WhatsApp;Sólo para comer;Sólo te preocupas de lo que te ponés de la cintura para arriba;Si;Planifico todas las tareas del día;Pongo música/radio;A veces;Tal vez;Sí;NA;NA;NA;NA;NA;NA;NA;NA;NA;Sí;No
2020-04-08T14:26:08Z;México;Nuevo León;35;Mujer;Sí;NA;NA;NA;NA;Mejoró;No;Sí;Trabajar con gente en la oficina;Tuvimos que hacer ajustes pero va bien;Nacional;Si;Servicoios;Menos del 10%;Hangouts/Google Meet;Sólo para comer;Te ponés lo primero que encontrás;No, trabajo más horas;Planifico todas las tareas del día;Prefiero un ambiente en silencio;Nunca;Tal vez;Tal vez;Quizá la empresa se de cuenta de que eres más productivo;NA;NA;NA;NA;NA;NA;NA;NA;Sí;Sí
2020-04-08T15:41:17Z;Argentina;NA;NA;NA;NA;Ciudad Autónoma de Buenos Aires;28;Hombre;Sí;Mejoró;No;No;Trabajar desde tu casa;Se mantiene igual de bien;Nacional;Si;entretenimiento;Menos del 10%;Mail, WhatsApp;Sí;Te ponés lo primero que encontrás;Si;Planifico todas las tareas del día;Prefiero un ambiente en silencio;A veces;Sí;Sí;la empresas se van a dar cuenta que la productividad laboral es similar o superior, por lo tanto van prescindir de oficinas generando ahorros economicos y mejorando la productividad y calidad de vida del empleador;NA;NA;NA;NA;NA;NA;NA;NA;Sí;No
2020-04-08T21:13:32Z;Guatemala;Guatemala;35;Hombre;No;NA;NA;NA;NA;NA;NA;NA;NA;NA;NA;NA;NA;NA;NA;NA;NA;NA;NA;NA;NA;NA;NA;NA;No;Sí;Sí;No;Sí;Empresa del Estado;Seguridad Alimentaria;Si;No;Sí
2020-04-09T11:01:10Z;Argentina;NA;NA;NA;NA;Ciudad Autónoma de Buenos Aires;26;Mujer;Sí;Mejoró;No;Sí;Trabajar desde tu casa;Se mantiene igual de bien;Nacional;Si;Sistemas;Entre un 10% y un 30%;Hangouts/Google Meet, Mail, Red social interna (Yammer/Workplace);Sólo para comer;Sólo te preocupas de lo que te ponés de la cintura para arriba;Si;Planifico todas las tareas del día;Pongo música/radio;A veces;Tal vez;Tal vez;NA;NA;NA;NA;NA;NA;NA;NA;NA;No;No
2020-04-09T18:21:37Z;Argentina;NA;NA;NA;NA;Ciudad Autónoma de Buenos Aires;26;Mujer;Sí;Sigue igual;No;Sí;Trabajar desde tu casa;Tuvimos que hacer ajustes pero va bien;Multinacional;Si;Consultoría contable;Entre 31% y el 50%;Skype/Microsoft Teams, Mail, WhatsApp;Sí;Sólo te preocupas de lo que te ponés de la cintura para arriba;Si;Voy viendo según el día;Pongo música/radio;Nunca;No;Sí;Se va a incrementar el teletrabajo, es una buena forma de trabajar;NA;NA;NA;NA;NA;NA;NA;NA;No;No
2020-04-09T20:03:13Z;Argentina;NA;NA;NA;NA;Ciudad Autónoma de Buenos Aires;26;Hombre;Sí;Mejoró;No;Sí;Trabajar con gente en la oficina;Se mantiene igual de bien;Multinacional;Si;NA;Entre 51% y un 80%;Zoom, Skype/Microsoft Teams, Mail;No;Sólo te preocupas de lo que te ponés de la cintura para arriba;No, trabajo más horas;Voy viendo según el día;Prefiero un lugar donde circule gente;Sí, todo el tiempo;No;Sí;No sabiendo hasta cuándo se va a extender la situación y con altas posibilidades de que vuelva a ocurrir, un cambio de paradigma es inevitable. Eso va a venir aparejado de un cambio en las formas en las que pensamos el trabajo hoy día;NA;NA;NA;NA;NA;NA;NA;NA;No;No
2020-04-09T23:37:43Z;Argentina;NA;NA;NA;NA;Ciudad Autónoma de Buenos Aires;27;Mujer;Sí;Mejoró;No;No;Trabajar desde tu casa;Se mantiene igual de bien;Multinacional;Si;Servicios medioambientales;Menos del 10%;Hangouts/Google Meet;Sí;Te ponés lo primero que encontrás;No, trabajo más horas;Planifico todas las tareas del día;Pongo música/radio;Nunca;Sí;Sí;Entiendo que en mí área somos más productivos de esta forma;NA;NA;NA;NA;NA;NA;NA;NA;No;No
2020-04-09T23:44:15Z;Argentina;NA;NA;NA;NA;Buenos Aires;38;Mujer;Sí;Mejoró;Sí;No;Trabajar con gente en la oficina;Se mantiene igual de bien;Nacional;Si;Fabricación de Productos Veterinarios;Menos del 10%;Mail, WhatsApp;Sólo para comer;Te ponés lo primero que encontrás;No, trabajo más horas;Planifico todas las tareas del día;Prefiero un ambiente en silencio;Nunca;Tal vez;Tal vez;NA;NA;NA;NA;NA;NA;NA;NA;NA;Sí;Sí
2020-04-10T14:40:58Z;Argentina;NA;NA;NA;NA;Jujuy;46;Hombre;Sí;Mejoró;Sí;Sí;Trabajar en un cowork;Tuvimos que hacer ajustes pero va bien;Nacional;Si;Educacion;Entre un 10% y un 30%;Zoom, Hangouts/Google Meet, Mail, WhatsApp;Sí;Te vestís como para ir a trabajar normalmente;No, trabajo menos horas;Planifico todas las tareas del día;Prefiero un ambiente en silencio;Nunca;Sí;Tal vez;Los cambios de paradigma son complejos. La tecnología existente no ayuda;NA;NA;NA;NA;NA;NA;NA;NA;Sí;Sí
2020-04-14T23:05:11Z;Argentina;NA;NA;NA;NA;Ciudad Autónoma de Buenos Aires;30;Mujer;Sí;Mejoró;No;No;Trabajar en un cowork;Tuvimos que hacer ajustes pero va bien;Nacional;Si;Consultoría;Entre 31% y el 50%;Zoom, Hangouts/Google Meet, Skype/Microsoft Teams, Slack, Mail, WhatsApp;Sí;Sólo te preocupas de lo que te ponés de la cintura para arriba;No, trabajo más horas;Voy viendo según el día;Pongo música/radio;Nunca;No;No;Lo ideal es trabajar tres veces en la empresa y dos con home. Tampoco trabajar siempre desde casa. El trabajo que hago es el mismo desde casa o desde el cliente;NA;NA;NA;NA;NA;NA;NA;NA;Sí;No
2020-04-15T00:27:06Z;Argentina;NA;NA;NA;NA;Ciudad Autónoma de Buenos Aires;36;Hombre;Sí;Mejoró;No;No;Trabajar desde tu casa;Se mantiene igual de bien;Multinacional;Si;Petrolera;Menos del 10%;Zoom, Skype/Microsoft Teams, Mail, WhatsApp, Red social interna (Yammer/Workplace);Sí;Te ponés lo primero que encontrás;No, trabajo más horas;Planifico todas las tareas del día;Pongo música/radio;Sí, todo el tiempo;Sí;Sí;La política de mi empresa fue siempre en contra del home office. debido a fuerza mayor debieron implementarla. En esta ocasión, podrán analizar que la productividad del empleado no baja (en algunos casos hasta aumenta) y los costos para mantener puestos de trabajos son caros y en algunos casos innecesarios. Comenzaran a tener mas en cuenta el trabajo remoto.;NA;NA;NA;NA;NA;NA;NA;NA;Sí;No
2020-04-15T08:50:40Z;Argentina;NA;NA;NA;NA;Buenos Aires;38;Hombre;Sí;Sigue igual;Sí;No;Trabajar desde tu casa;Tuvimos que hacer ajustes pero va bien;Multinacional;No;NA;NA;NA;NA;NA;NA;NA;NA;NA;NA;NA;NA;NA;NA;NA;NA;NA;NA;NA;NA;Sí;Sí
2020-04-16T18:07:41Z;Argentina;NA;NA;NA;NA;Ciudad Autónoma de Buenos Aires;35;Mujer;Sí;Empeoró;Sí;No;Trabajar en un cowork;Tuvimos que hacer ajustes pero va bien;Empresa Estatal;Si;NA;Menos del 10%;Mail, WhatsApp;Sí;Te ponés lo primero que encontrás;No, trabajo menos horas;Voy viendo según el día;Pongo música/radio;A veces;Sí;Tal vez;NA;NA;NA;NA;NA;NA;NA;NA;NA;Sí;Sí
2020-04-16T20:13:46Z;Argentina;NA;NA;NA;NA;Ciudad Autónoma de Buenos Aires;24;Hombre;Sí;Sigue igual;No;No;Trabajar desde tu casa;Se mantiene igual de bien;Nacional;Si;BI;Menos del 10%;Hangouts/Google Meet, Skype/Microsoft Teams, Slack, Mail, WhatsApp;Sí;Te ponés lo primero que encontrás;Si;Planifico todas las tareas del día;Prefiero un ambiente en silencio;A veces;Sí;Sí;Muchas empresas desconfiaban del home office o no tenían los recursos, pero han aprendido que se puede trabajar con la misma o más capacidad, de acuerdo a cada empleado.;NA;NA;NA;NA;NA;NA;NA;NA;No;No
